source,map,map_type,size,density,query,bucket,optimal_length,algorithm,nodes_expanded,cells_scanned,search_time_ms,path_cost
movingai,AR0070SR,Baldur's Gate II,512,,0,19,79.49747467,A*,504,504,6.397669005309581,79.49747468305824
movingai,AR0070SR,Baldur's Gate II,512,,0,19,79.49747467,JPS,4,6007,14.232974999686121,79.49747468305833
movingai,AR0070SR,Baldur's Gate II,512,,1,21,84.85281372,A*,61,61,1.0037490064860322,84.85281374238562
movingai,AR0070SR,Baldur's Gate II,512,,1,21,84.85281372,JPS,2,9390,23.682679999183165,84.8528137423857
movingai,AR0070SR,Baldur's Gate II,512,,2,2,9.41421356,A*,18,18,0.24107300305331592,9.414213562373096
movingai,AR0070SR,Baldur's Gate II,512,,2,2,9.41421356,JPS,3,1458,3.229812000427046,9.414213562373096
movingai,AR0070SR,Baldur's Gate II,512,,3,40,160.06601715,A*,1950,1950,23.17831997424946,160.0660171779822
movingai,AR0070SR,Baldur's Gate II,512,,3,40,160.06601715,JPS,20,9184,22.771548998207436,160.06601717798213
movingai,AR0070SR,Baldur's Gate II,512,,4,53,215.59797974,A*,3171,3171,41.5423439717415,215.59797974644678
movingai,AR0070SR,Baldur's Gate II,512,,4,53,215.59797974,JPS,14,23982,57.72045899902878,215.59797974644667
movingai,AR0070SR,Baldur's Gate II,512,,5,51,205.62236633,A*,3784,3784,50.60697695626004,205.6223663640866
movingai,AR0070SR,Baldur's Gate II,512,,5,51,205.62236633,JPS,21,13950,33.375432994944276,205.62236636408616
movingai,AR0070SR,Baldur's Gate II,512,,6,74,296.85995636,A*,7386,7386,101.23836097955063,296.8599564173229
movingai,AR0070SR,Baldur's Gate II,512,,6,74,296.85995636,JPS,29,18358,44.71363299853692,296.8599564173221
movingai,AR0070SR,Baldur's Gate II,512,,7,69,278.33304443,A*,9210,9210,119.20337494666455,278.33304448274146
movingai,AR0070SR,Baldur's Gate II,512,,7,69,278.33304443,JPS,21,17363,45.61482600183808,278.33304448274095
movingai,AR0070SR,Baldur's Gate II,512,,8,78,313.46298675,A*,16142,16142,224.92944403165893,313.46298679765306
movingai,AR0070SR,Baldur's Gate II,512,,8,78,313.46298675,JPS,30,31849,76.25688599546265,313.4629867976521
movingai,AR0070SR,Baldur's Gate II,512,,9,99,398.88939361,A*,15205,15205,205.1610220423754,398.8893936688461
movingai,AR0070SR,Baldur's Gate II,512,,9,99,398.88939361,JPS,52,33081,79.07363699632697,398.889393668845
movingai,AR0070SR,Baldur's Gate II,512,,10,92,368.77669525,A*,9018,9018,115.83325110586884,368.77669529663774
movingai,AR0070SR,Baldur's Gate II,512,,10,92,368.77669525,JPS,47,30937,73.36656199913705,368.7766952966369
movingai,AR0070SR,Baldur's Gate II,512,,11,106,424.88434295,A*,11625,11625,148.66049293959804,424.8843430349629
movingai,AR0070SR,Baldur's Gate II,512,,11,106,424.88434295,JPS,29,24123,56.77663798996946,424.88434303496166
movingai,AR0070SR,Baldur's Gate II,512,,12,115,460.69552612,A*,26107,26107,420.9385890771955,460.69552621700666
movingai,AR0070SR,Baldur's Gate II,512,,12,115,460.69552612,JPS,60,36351,90.3077380025934,460.6955262170048
movingai,AR0070SR,Baldur's Gate II,512,,13,122,491.41125488,A*,31528,31528,464.01105413679034,491.41125496954436
movingai,AR0070SR,Baldur's Gate II,512,,13,122,491.41125488,JPS,60,37219,98.43908600487339,491.41125496954277
movingai,AR0070SR,Baldur's Gate II,512,,14,112,448.02647857,A*,13269,13269,178.62108012013778,448.026478658694
movingai,AR0070SR,Baldur's Gate II,512,,14,112,448.02647857,JPS,37,22070,60.885698008860345,448.0264786586926
movingai,AR0070SR,Baldur's Gate II,512,,15,148,594.13412628,A*,32548,32548,492.4879000373039,594.13412639702
movingai,AR0070SR,Baldur's Gate II,512,,15,148,594.13412628,JPS,91,50843,116.72695799461508,594.1341263970173
movingai,AR0070SR,Baldur's Gate II,512,,16,143,574.9503601,A*,38247,38247,510.0376380178204,574.9503602129464
movingai,AR0070SR,Baldur's Gate II,512,,16,143,574.9503601,JPS,76,41438,100.96301200064772,574.9503602129438
movingai,AR0070SR,Baldur's Gate II,512,,17,151,606.60216369,A*,42665,42665,604.6502469271218,606.6021638285561
movingai,AR0070SR,Baldur's Gate II,512,,17,151,606.60216369,JPS,96,52892,126.5951950008457,606.602163828553
movingai,AR0070SR,Baldur's Gate II,512,,18,168,672.20014343,A*,42153,42153,626.8722800123214,672.2001435750029
movingai,AR0070SR,Baldur's Gate II,512,,18,168,672.20014343,JPS,126,66569,195.3833810039214,672.2001435749995
movingai,AR0070SR,Baldur's Gate II,512,,19,166,666.92806549,A*,44787,44787,587.3497299253359,666.9280656363609
movingai,AR0070SR,Baldur's Gate II,512,,19,166,666.92806549,JPS,94,52104,153.66059400002996,666.9280656363572
movingai,AR0070SR,Baldur's Gate II,512,,20,179,716.46002807,A*,43716,43716,661.0959031859238,716.4600282048251
movingai,AR0070SR,Baldur's Gate II,512,,20,179,716.46002807,JPS,99,49810,124.02188799387659,716.4600282048216
movingai,AR0070SR,Baldur's Gate II,512,,21,214,859.78087921,A*,45291,45291,650.4556438558211,859.7808793787475
movingai,AR0070SR,Baldur's Gate II,512,,21,214,859.78087921,JPS,122,69896,161.02557199337753,859.780879378743
movingai,AR0070SR,Baldur's Gate II,512,,22,195,780.07020111,A*,47779,47779,637.8288512114523,780.0702012600921
movingai,AR0070SR,Baldur's Gate II,512,,22,195,780.07020111,JPS,123,74713,183.43590301083168,780.0702012600884
movingai,AR0070SR,Baldur's Gate II,512,,23,208,835.22453002,A*,47460,47460,641.8644859440974,835.2245301926431
movingai,AR0070SR,Baldur's Gate II,512,,23,208,835.22453002,JPS,127,77019,184.93959700390405,835.2245301926391
movingai,AR0070SR,Baldur's Gate II,512,,24,239,957.83470306,A*,46212,46212,674.4891711696255,957.8347032479102
movingai,AR0070SR,Baldur's Gate II,512,,24,239,957.83470306,JPS,127,81693,237.2663599999214,957.8347032479054
movingai,AR0070SR,Baldur's Gate II,512,,25,233,935.30779113,A*,48483,48483,661.7937521732529,935.3077913133291
movingai,AR0070SR,Baldur's Gate II,512,,25,233,935.30779113,JPS,125,74647,173.91612799656286,935.3077913133242
movingai,AR0070SR,Baldur's Gate II,512,,26,227,910.57986907,A*,43237,43237,567.9473410582432,910.5798692519706
movingai,AR0070SR,Baldur's Gate II,512,,26,227,910.57986907,JPS,133,79386,193.2881750017259,910.5798692519662
movingai,AR0070SR,Baldur's Gate II,512,,27,268,1072.48650665,A*,60777,60777,814.4833128590108,1072.4865068635197
movingai,AR0070SR,Baldur's Gate II,512,,27,268,1072.48650665,JPS,140,95620,224.20307200263778,1072.4865068635145
movingai,AR0070SR,Baldur's Gate II,512,,28,266,1064.47431335,A*,49770,49770,1051.5304772616219,1064.4743135547003
movingai,AR0070SR,Baldur's Gate II,512,,28,266,1064.47431335,JPS,113,61157,188.92200901427714,1064.4743135546946
movingai,AR0070SR,Baldur's Gate II,512,,29,270,1080.91796417,A*,51876,51876,701.5962268287694,1080.9179643685961
movingai,AR0070SR,Baldur's Gate II,512,,29,270,1080.91796417,JPS,109,65357,159.4996229869139,1080.9179643685904
movingai,arena2,Dragon Age,281,,0,4,16.14213562,A*,33,33,0.44381600127962884,16.142135623730955
movingai,arena2,Dragon Age,281,,0,4,16.14213562,JPS,4,1656,3.6936310007149586,16.14213562373095
movingai,arena2,Dragon Age,281,,1,5,23.07106781,A*,102,102,1.2743670085910708,23.071067811865476
movingai,arena2,Dragon Age,281,,1,5,23.07106781,JPS,4,1814,4.500567001741729,23.071067811865476
movingai,arena2,Dragon Age,281,,2,0,2.41421356,A*,4,4,0.07605399696331006,2.414213562373095
movingai,arena2,Dragon Age,281,,2,0,2.41421356,JPS,3,1417,4.321401000197511,2.414213562373095
movingai,arena2,Dragon Age,281,,3,12,51.72792206,A*,282,282,5.378348998419824,51.72792206135783
movingai,arena2,Dragon Age,281,,3,12,51.72792206,JPS,6,2061,5.312400002367212,51.72792206135786
movingai,arena2,Dragon Age,281,,4,15,61.72792206,A*,288,288,3.7067640223540366,61.72792206135783
movingai,arena2,Dragon Age,281,,4,15,61.72792206,JPS,7,2177,5.161490000318736,61.72792206135785
movingai,arena2,Dragon Age,281,,5,15,61.79898987,A*,232,232,3.6634009957197122,61.79898987322329
movingai,arena2,Dragon Age,281,,5,15,61.79898987,JPS,11,3086,6.976572001804016,61.79898987322333
movingai,arena2,Dragon Age,281,,6,23,95.81118317,A*,722,722,9.27898603003996,95.811183182043
movingai,arena2,Dragon Age,281,,6,23,95.81118317,JPS,27,6117,14.001486999404733,95.81118318204308
movingai,arena2,Dragon Age,281,,7,21,85.74011536,A*,616,616,8.118983978420147,85.74011537017755
movingai,arena2,Dragon Age,281,,7,21,85.74011536,JPS,25,4633,11.427620003814809,85.74011537017762
movingai,arena2,Dragon Age,281,,8,24,97.05382385,A*,347,347,4.8272480053128675,97.05382386916226
movingai,arena2,Dragon Age,281,,8,24,97.05382385,JPS,15,3461,8.061061998887453,97.05382386916237
movingai,arena2,Dragon Age,281,,9,31,125.38477631,A*,3205,3205,43.68187202817353,125.3847763108502
movingai,arena2,Dragon Age,281,,9,31,125.38477631,JPS,38,8677,21.65621900530823,125.38477631085023
movingai,arena2,Dragon Age,281,,10,34,137.50966797,A*,5072,5072,68.36255205780617,137.50966799187796
movingai,arena2,Dragon Age,281,,10,34,137.50966797,JPS,72,12881,29.776956002024235,137.50966799187808
movingai,arena2,Dragon Age,281,,11,29,116.0121933,A*,1798,1798,22.20922398919356,116.01219330881968
movingai,arena2,Dragon Age,281,,11,29,116.0121933,JPS,23,4735,11.59579399973154,116.01219330881975
movingai,arena2,Dragon Age,281,,12,42,170.52691193,A*,2700,2700,35.77990405210585,170.52691193458122
movingai,arena2,Dragon Age,281,,12,42,170.52691193,JPS,31,7609,17.019916987919714,170.5269119345812
movingai,arena2,Dragon Age,281,,13,37,149.94112549,A*,1448,1448,17.658793038208387,149.9411254969544
movingai,arena2,Dragon Age,281,,13,37,149.94112549,JPS,16,4742,11.872327000673977,149.94112549695427
movingai,arena2,Dragon Age,281,,14,39,157.11269836,A*,3881,3881,48.09336688595067,157.11269837220811
movingai,arena2,Dragon Age,281,,14,39,157.11269836,JPS,57,11579,28.101252002670662,157.1126983722081
movingai,arena2,Dragon Age,281,,15,46,184.49747467,A*,2362,2362,31.611664013325935,184.49747468305839
movingai,arena2,Dragon Age,281,,15,46,184.49747467,JPS,25,6085,14.560899004209205,184.49747468305833
movingai,arena2,Dragon Age,281,,16,46,185.1076477,A*,1693,1693,20.810822014027508,185.10764773832474
movingai,arena2,Dragon Age,281,,16,46,185.1076477,JPS,36,5961,13.838885008226498,185.10764773832474
movingai,arena2,Dragon Age,281,,17,52,208.89444427,A*,3874,3874,47.47902400413295,208.89444430272863
movingai,arena2,Dragon Age,281,,17,52,208.89444427,JPS,55,11837,26.772957002322073,208.89444430272835
movingai,arena2,Dragon Age,281,,18,57,229.25483398,A*,6258,6258,78.7923780408164,229.25483399593912
movingai,arena2,Dragon Age,281,,18,57,229.25483398,JPS,75,16606,38.284677002593526,229.25483399593907
movingai,arena2,Dragon Age,281,,19,60,243.1076477,A*,5415,5415,66.49407607073954,243.10764773832526
movingai,arena2,Dragon Age,281,,19,60,243.1076477,JPS,65,12250,28.99279999837745,243.1076477383248
movingai,arena2,Dragon Age,281,,20,61,247.82337646,A*,12293,12293,184.7232110449113,247.82337649086304
movingai,arena2,Dragon Age,281,,20,61,247.82337646,JPS,202,36947,93.3392369934154,247.82337649086287
movingai,arena2,Dragon Age,281,,21,64,256.79393921,A*,5950,5950,77.36087404191494,256.7939392393405
movingai,arena2,Dragon Age,281,,21,64,256.79393921,JPS,77,13276,30.378733999896212,256.79393923934003
movingai,arena2,Dragon Age,281,,22,66,265.23759003,A*,7677,7677,98.97190801348188,265.23759005323615
movingai,arena2,Dragon Age,281,,22,66,265.23759003,JPS,134,20106,47.71572900790488,265.2375900532359
movingai,arena2,Dragon Age,281,,23,64,257.56854248,A*,14892,14892,188.0511479666893,257.5685424949241
movingai,arena2,Dragon Age,281,,23,64,257.56854248,JPS,276,50474,118.47490200671018,257.5685424949238
movingai,arena2,Dragon Age,281,,24,72,289.59797974,A*,13454,13454,166.20092412449594,289.5979797464468
movingai,arena2,Dragon Age,281,,24,72,289.59797974,JPS,242,37387,90.82685899738863,289.59797974644664
movingai,arena2,Dragon Age,281,,25,80,321.88225098,A*,8344,8344,122.82151293948118,321.88225099390866
movingai,arena2,Dragon Age,281,,25,80,321.88225098,JPS,70,15312,43.29477900319034,321.8822509939086
movingai,arena2,Dragon Age,281,,26,76,306.7106781,A*,11866,11866,180.48699599239626,306.7106781186549
movingai,arena2,Dragon Age,281,,26,76,306.7106781,JPS,172,29037,79.29892000902328,306.7106781186548
movingai,arena2,Dragon Age,281,,27,87,349.19595947,A*,17452,17452,274.89323313056957,349.19595949289385
movingai,arena2,Dragon Age,281,,27,87,349.19595947,JPS,303,49531,118.49576099484693,349.1959594928933
movingai,arena2,Dragon Age,281,,28,88,352.61017303,A*,17329,17329,225.0801460195362,352.61017305526684
movingai,arena2,Dragon Age,281,,28,88,352.61017303,JPS,300,49504,111.74559599930944,352.6101730552664
movingai,arena2,Dragon Age,281,,29,82,328.15432892,A*,16058,16058,198.62730394743267,328.154328932551
movingai,arena2,Dragon Age,281,,29,82,328.15432892,JPS,289,47485,109.77155200089328,328.1543289325507
movingai,den312d,Dragon Age,65,,0,1,7.24264069,A*,11,11,0.1455629972042516,7.242640687119285
movingai,den312d,Dragon Age,65,,0,1,7.24264069,JPS,5,83,0.21028499759268016,7.242640687119285
movingai,den312d,Dragon Age,65,,1,1,7.24264069,A*,9,9,0.11945700316573493,7.242640687119285
movingai,den312d,Dragon Age,65,,1,1,7.24264069,JPS,3,380,0.8527509980922332,7.242640687119286
movingai,den312d,Dragon Age,65,,2,0,1.41421356,A*,2,2,0.023763997887726873,1.4142135623730951
movingai,den312d,Dragon Age,65,,2,0,1.41421356,JPS,2,73,0.16484000116179232,1.4142135623730951
movingai,den312d,Dragon Age,65,,3,2,11.89949493,A*,24,24,0.29872900267946534,11.899494936611667
movingai,den312d,Dragon Age,65,,3,2,11.89949493,JPS,5,267,0.7352189986704616,11.899494936611665
movingai,den312d,Dragon Age,65,,4,3,14.0,A*,15,15,0.21730900334659964,14.0
movingai,den312d,Dragon Age,65,,4,3,14.0,JPS,2,141,0.3821070004050853,14
movingai,den312d,Dragon Age,65,,5,3,14.89949493,A*,48,48,0.6252329949347768,14.899494936611667
movingai,den312d,Dragon Age,65,,5,3,14.89949493,JPS,3,317,1.0260159979225136,14.899494936611665
movingai,den312d,Dragon Age,65,,6,6,26.48528137,A*,94,94,1.0894909937633201,26.48528137423857
movingai,den312d,Dragon Age,65,,6,6,26.48528137,JPS,10,229,0.6027810013620183,26.48528137423857
movingai,den312d,Dragon Age,65,,7,7,29.3137085,A*,222,222,2.4243689949798863,29.313708498984763
movingai,den312d,Dragon Age,65,,7,7,29.3137085,JPS,17,439,1.1008439942088444,29.31370849898476
movingai,den312d,Dragon Age,65,,8,7,31.97056274,A*,127,127,1.4373730009538122,31.970562748477146
movingai,den312d,Dragon Age,65,,8,7,31.97056274,JPS,8,622,1.4451019997068215,31.970562748477143
movingai,den312d,Dragon Age,65,,9,10,40.72792206,A*,275,275,2.9939959931652993,40.72792206135785
movingai,den312d,Dragon Age,65,,9,10,40.72792206,JPS,21,559,1.4545580033882288,40.72792206135786
movingai,den312d,Dragon Age,65,,10,8,33.07106781,A*,95,95,1.0116320027009351,33.071067811865476
movingai,den312d,Dragon Age,65,,10,8,33.07106781,JPS,11,480,1.1298919980617939,33.071067811865476
movingai,den312d,Dragon Age,65,,11,9,36.72792206,A*,157,157,1.7683609967207303,36.72792206135785
movingai,den312d,Dragon Age,65,,11,9,36.72792206,JPS,11,655,1.4900169971951982,36.72792206135786
movingai,den312d,Dragon Age,65,,12,12,50.11269836,A*,187,187,2.1028429928264813,50.11269837220807
movingai,den312d,Dragon Age,65,,12,12,50.11269836,JPS,19,769,1.7957260006369324,50.1126983722081
movingai,den312d,Dragon Age,65,,13,12,48.38477631,A*,190,190,2.099243005432072,48.384776310850235
movingai,den312d,Dragon Age,65,,13,12,48.38477631,JPS,19,476,1.2045590028719744,48.38477631085024
movingai,den312d,Dragon Age,65,,14,13,54.6984848,A*,230,230,2.477360992998001,54.698484809834966
movingai,den312d,Dragon Age,65,,14,13,54.6984848,JPS,25,643,1.9063170002482366,54.698484809835
movingai,den312d,Dragon Age,65,,15,16,67.28427124,A*,587,587,7.224849961858126,67.28427124746189
movingai,den312d,Dragon Age,65,,15,16,67.28427124,JPS,47,1547,3.644918002464692,67.2842712474619
movingai,den312d,Dragon Age,65,,16,14,59.55634918,A*,172,172,2.2147960062284255,59.556349186104036
movingai,den312d,Dragon Age,65,,16,14,59.55634918,JPS,12,873,2.0497480036283378,59.55634918610404
movingai,den312d,Dragon Age,65,,17,15,63.89949493,A*,247,247,2.709690970732481,63.89949493661165
movingai,den312d,Dragon Age,65,,17,15,63.89949493,JPS,17,602,1.4125909947324544,63.89949493661167
movingai,den312d,Dragon Age,65,,18,17,69.79898987,A*,525,525,6.027662013366353,69.7989898732233
movingai,den312d,Dragon Age,65,,18,17,69.79898987,JPS,32,1165,2.6506989997869823,69.79898987322333
movingai,den312d,Dragon Age,65,,19,17,71.89949493,A*,970,970,11.054732061893446,71.89949493661165
movingai,den312d,Dragon Age,65,,19,17,71.89949493,JPS,45,1655,3.8340829942171695,71.89949493661166
movingai,den312d,Dragon Age,65,,20,19,79.94112549,A*,500,500,5.430906005130964,79.94112549695423
movingai,den312d,Dragon Age,65,,20,19,79.94112549,JPS,51,1462,3.4876850058935815,79.94112549695427
movingai,den312d,Dragon Age,65,,21,20,82.72792206,A*,420,420,4.700067980593303,82.72792206135786
movingai,den312d,Dragon Age,65,,21,20,82.72792206,JPS,14,680,1.5972500023053726,82.72792206135786
movingai,den312d,Dragon Age,65,,22,21,84.45584412,A*,980,980,10.64727295852208,84.45584412271569
movingai,den312d,Dragon Age,65,,22,21,84.45584412,JPS,65,1966,4.931279001539224,84.45584412271572
movingai,den312d,Dragon Age,65,,23,22,90.07106781,A*,714,714,8.592834976298036,90.07106781186546
movingai,den312d,Dragon Age,65,,23,22,90.07106781,JPS,37,1283,3.202280995537876,90.07106781186546
movingai,den312d,Dragon Age,65,,24,23,93.38477631,A*,802,802,9.412192997842794,93.3847763108502
movingai,den312d,Dragon Age,65,,24,23,93.38477631,JPS,48,1597,3.9154310015874216,93.38477631085023
movingai,den312d,Dragon Age,65,,25,25,103.94112549,A*,835,835,10.517512026126496,103.94112549695423
movingai,den312d,Dragon Age,65,,25,25,103.94112549,JPS,47,1691,4.439745001945994,103.94112549695426
movingai,den312d,Dragon Age,65,,26,24,96.14213562,A*,510,510,6.19425196236989,96.14213562373092
movingai,den312d,Dragon Age,65,,26,24,96.14213562,JPS,28,974,2.3347739934251877,96.14213562373095
movingai,den312d,Dragon Age,65,,27,28,113.79898987,A*,1448,1448,17.06068297244201,113.7989898732233
movingai,den312d,Dragon Age,65,,27,28,113.79898987,JPS,78,2307,5.918087999816635,113.79898987322332
movingai,den312d,Dragon Age,65,,28,28,115.97056274,A*,1248,1248,14.565001052687876,115.97056274847711
movingai,den312d,Dragon Age,65,,28,28,115.97056274,JPS,62,2099,4.986420997738605,115.97056274847714
movingai,den312d,Dragon Age,65,,29,27,108.97056274,A*,1282,1282,15.03036498070287,108.97056274847714
movingai,den312d,Dragon Age,65,,29,27,108.97056274,JPS,59,2062,5.080497001472395,108.97056274847714
movingai-random-pairs,maze512-1-2,maze,512,,0,,1717.0,A*,24143,24143,160.4822779827373,1717.0
movingai-random-pairs,maze512-1-2,maze,512,,0,,1717.0,JPS,6643,24195,117.62118703700253,1717
movingai-random-pairs,maze512-1-2,maze,512,,1,,4517.0,A*,112295,112295,918.1138440035284,4517.0
movingai-random-pairs,maze512-1-2,maze,512,,1,,4517.0,JPS,31056,112351,522.5033950555371,4517
movingai-random-pairs,maze512-1-2,maze,512,,2,,1335.0,A*,6241,6241,39.24455500236945,1335.0
movingai-random-pairs,maze512-1-2,maze,512,,2,,1335.0,JPS,1733,6273,24.440048960968852,1335
movingai-random-pairs,maze512-1-2,maze,512,,3,,382.0,A*,3548,3548,22.625705943937646,382.0
movingai-random-pairs,maze512-1-2,maze,512,,3,,382.0,JPS,997,3610,13.549695957408403,382
movingai-random-pairs,maze512-1-2,maze,512,,4,,384.0,A*,2722,2722,17.18603597691981,384.0
movingai-random-pairs,maze512-1-2,maze,512,,4,,384.0,JPS,749,2777,10.61532200401416,384
movingai-random-pairs,maze512-1-2,maze,512,,5,,1810.0,A*,35215,35215,237.37010191689478,1810.0
movingai-random-pairs,maze512-1-2,maze,512,,5,,1810.0,JPS,9802,35356,150.28337204421405,1810
movingai-random-pairs,maze512-1-2,maze,512,,6,,1309.0,A*,9989,9989,68.86058493182645,1309.0
movingai-random-pairs,maze512-1-2,maze,512,,6,,1309.0,JPS,2702,10019,45.045363973258645,1309
movingai-random-pairs,maze512-1-2,maze,512,,7,,575.0,A*,4237,4237,32.896624916247674,575.0
movingai-random-pairs,maze512-1-2,maze,512,,7,,575.0,JPS,1208,4253,20.460500967601547,575
movingai-random-pairs,maze512-1-2,maze,512,,8,,2892.0,A*,78972,78972,658.7138269132993,2892.0
movingai-random-pairs,maze512-1-2,maze,512,,8,,2892.0,JPS,21909,79125,324.00844523726846,2892
movingai-random-pairs,maze512-1-2,maze,512,,9,,3792.0,A*,97168,97168,691.0980079592264,3792.0
movingai-random-pairs,maze512-1-2,maze,512,,9,,3792.0,JPS,26924,97294,411.74329597743053,3792
movingai-random-pairs,maze512-1-2,maze,512,,10,,3145.0,A*,97371,97371,720.6092811065901,3145.0
movingai-random-pairs,maze512-1-2,maze,512,,10,,3145.0,JPS,26989,97512,405.3114797843591,3145
movingai-random-pairs,maze512-1-2,maze,512,,11,,3185.0,A*,116988,116988,838.9561356470949,3185.0
movingai-random-pairs,maze512-1-2,maze,512,,11,,3185.0,JPS,32367,117060,549.2258321082772,3185
movingai-random-pairs,maze512-1-2,maze,512,,12,,3632.0,A*,111253,111253,878.354268053954,3632.0
movingai-random-pairs,maze512-1-2,maze,512,,12,,3632.0,JPS,30761,111336,516.9101810533903,3632
movingai-random-pairs,maze512-1-2,maze,512,,13,,136.0,A*,272,272,1.6792979713500245,136.0
movingai-random-pairs,maze512-1-2,maze,512,,13,,136.0,JPS,75,284,0.9926519887812901,136
movingai-random-pairs,maze512-1-2,maze,512,,14,,2250.0,A*,11285,11285,75.10013312639785,2250.0
movingai-random-pairs,maze512-1-2,maze,512,,14,,2250.0,JPS,3119,11340,43.907955991016934,2250
movingai-random-pairs,maze512-1-2,maze,512,,15,,1176.0,A*,26219,26219,185.22249699708482,1176.0
movingai-random-pairs,maze512-1-2,maze,512,,15,,1176.0,JPS,7327,26364,112.5754959648475,1176
movingai-random-pairs,maze512-1-2,maze,512,,16,,2309.0,A*,24288,24288,157.5625718505762,2309.0
movingai-random-pairs,maze512-1-2,maze,512,,16,,2309.0,JPS,6690,24378,91.57852803036803,2309
movingai-random-pairs,maze512-1-2,maze,512,,17,,2189.0,A*,31273,31273,200.37758707076136,2189.0
movingai-random-pairs,maze512-1-2,maze,512,,17,,2189.0,JPS,8660,31425,121.5071698425163,2189
movingai-random-pairs,maze512-1-2,maze,512,,18,,786.0,A*,5389,5389,33.8365750722005,786.0
movingai-random-pairs,maze512-1-2,maze,512,,18,,786.0,JPS,1476,5421,21.138155003427528,786
movingai-random-pairs,maze512-1-2,maze,512,,19,,954.0,A*,19912,19912,130.30583897489123,954.0
movingai-random-pairs,maze512-1-2,maze,512,,19,,954.0,JPS,5471,20052,78.54590195347555,954
movingai-random-pairs,maze512-1-2,maze,512,,20,,2073.0,A*,31645,31645,213.71173395891674,2073.0
movingai-random-pairs,maze512-1-2,maze,512,,20,,2073.0,JPS,8703,31762,132.11846602644073,2073
movingai-random-pairs,maze512-1-2,maze,512,,21,,1490.0,A*,32494,32494,227.84561089611088,1490.0
movingai-random-pairs,maze512-1-2,maze,512,,21,,1490.0,JPS,8984,32621,137.57497398546548,1490
movingai-random-pairs,maze512-1-2,maze,512,,22,,1316.0,A*,19577,19577,136.2683940151328,1316.0
movingai-random-pairs,maze512-1-2,maze,512,,22,,1316.0,JPS,5443,19732,93.55521900943131,1316
movingai-random-pairs,maze512-1-2,maze,512,,23,,2433.0,A*,14216,14216,98.48652073924313,2433.0
movingai-random-pairs,maze512-1-2,maze,512,,23,,2433.0,JPS,3945,14272,59.049623041573795,2433
movingai-random-pairs,maze512-1-2,maze,512,,24,,1531.0,A*,42476,42476,284.5443328278634,1531.0
movingai-random-pairs,maze512-1-2,maze,512,,24,,1531.0,JPS,11774,42592,196.6928480160277,1531
movingai-random-pairs,maze512-1-2,maze,512,,25,,4337.0,A*,124791,124791,997.9473212661105,4337.0
movingai-random-pairs,maze512-1-2,maze,512,,25,,4337.0,JPS,34508,124812,515.4418899655866,4337
movingai-random-pairs,maze512-1-2,maze,512,,26,,999.0,A*,30542,30542,231.80626791327086,999.0
movingai-random-pairs,maze512-1-2,maze,512,,26,,999.0,JPS,8504,30672,151.34444798604818,999
movingai-random-pairs,maze512-1-2,maze,512,,27,,1543.0,A*,12263,12263,88.73774712083105,1543.0
movingai-random-pairs,maze512-1-2,maze,512,,27,,1543.0,JPS,3391,12300,44.438030057790456,1543
movingai-random-pairs,maze512-1-2,maze,512,,28,,423.0,A*,2717,2717,16.912277016672306,423.0
movingai-random-pairs,maze512-1-2,maze,512,,28,,423.0,JPS,737,2771,10.213567004029755,423
movingai-random-pairs,maze512-1-2,maze,512,,29,,3576.0,A*,94774,94774,761.6233059561637,3576.0
movingai-random-pairs,maze512-1-2,maze,512,,29,,3576.0,JPS,26153,94864,461.64524093910586,3576
movingai,maze512-16-2,maze,512,,0,39,159.19595947,A*,3022,3022,42.76490898701013,159.19595949289322
movingai,maze512-16-2,maze,512,,0,39,159.19595947,JPS,16,6289,17.19810999929905,159.1959594928933
movingai,maze512-16-2,maze,512,,1,43,175.55129852,A*,3528,3528,52.19379495247267,175.55129855222074
movingai,maze512-16-2,maze,512,,1,43,175.55129852,JPS,16,8620,23.562598002172308,175.55129855222071
movingai,maze512-16-2,maze,512,,2,4,17.97056274,A*,26,26,0.4440690008777892,17.970562748477146
movingai,maze512-16-2,maze,512,,2,4,17.97056274,JPS,4,765,2.222862996859476,17.970562748477143
movingai,maze512-16-2,maze,512,,3,99,396.66399689,A*,13890,13890,207.73610390642716,396.66399692442957
movingai,maze512-16-2,maze,512,,3,99,396.66399689,JPS,44,22610,57.77571700491535,396.66399692442883
movingai,maze512-16-2,maze,512,,4,125,500.55844116,A*,25468,25468,355.2146920974337,500.5584412271583
movingai,maze512-16-2,maze,512,,4,125,500.55844116,JPS,81,28974,75.19826099087368,500.5584412271572
movingai,maze512-16-2,maze,512,,5,122,488.4457428,A*,23311,23311,316.8773968882306,488.44574285495025
movingai,maze512-16-2,maze,512,,5,122,488.4457428,JPS,74,27389,71.4817420066538,488.4457428549491
movingai,maze512-16-2,maze,512,,6,188,755.239682,A*,62556,62556,907.3768857833784,755.2396820942917
movingai,maze512-16-2,maze,512,,6,188,755.239682,JPS,190,66326,169.42450598799041,755.2396820942889
movingai,maze512-16-2,maze,512,,7,178,712.22748871,A*,35433,35433,489.2629140504141,712.2274887854715
movingai,maze512-16-2,maze,512,,7,178,712.22748871,JPS,121,39585,102.50326300410961,712.2274887854693
movingai,maze512-16-2,maze,512,,8,195,781.78383789,A*,50254,50254,677.8165368159534,781.7838379715753
movingai,maze512-16-2,maze,512,,8,195,781.78383789,JPS,133,62556,145.47290198970586,781.7838379715735
movingai,maze512-16-2,maze,512,,9,256,1027.2640686,A*,55466,55466,809.3509412556159,1027.264068711931
movingai,maze512-16-2,maze,512,,9,256,1027.2640686,JPS,173,60217,142.98071298799186,1027.2640687119285
movingai,maze512-16-2,maze,512,,10,279,1117.34732971,A*,75502,75502,982.9040618278668,1117.347329832617
movingai,maze512-16-2,maze,512,,10,279,1117.34732971,JPS,186,88684,228.1858700007433,1117.3473298326135
movingai,maze512-16-2,maze,512,,11,242,969.38896026,A*,84991,84991,1340.3946387079486,969.3889603929593
movingai,maze512-16-2,maze,512,,11,242,969.38896026,JPS,210,96995,236.23876999226923,969.3889603929565
movingai,maze512-16-2,maze,512,,12,345,1381.73210601,A*,163448,163448,2293.658476692144,1381.7321061434677
movingai,maze512-16-2,maze,512,,12,345,1381.73210601,JPS,404,171859,395.9100429965474,1381.7321061434634
movingai,maze512-16-2,maze,512,,13,308,1233.08030243,A*,90458,90458,1199.98170611143,1233.0803025278576
movingai,maze512-16-2,maze,512,,13,308,1233.08030243,JPS,225,98965,238.75118901923997,1233.0803025278549
movingai,maze512-16-2,maze,512,,14,322,1289.69047546,A*,149051,149051,2096.584613636878,1289.6904755831247
movingai,maze512-16-2,maze,512,,14,322,1289.69047546,JPS,375,160477,383.35269602066546,1289.690475583121
movingai,maze512-16-2,maze,512,,15,381,1527.76868591,A*,96615,96615,1340.6736739780172,1527.7686860699278
movingai,maze512-16-2,maze,512,,15,381,1527.76868591,JPS,265,101368,268.06793099422066,1527.768686069923
movingai,maze512-16-2,maze,512,,16,376,1504.98694,A*,181812,181812,2405.9989152610797,1504.986940139407
movingai,maze512-16-2,maze,512,,16,376,1504.98694,JPS,451,190215,435.72993601083,1504.9869401394023
movingai,maze512-16-2,maze,512,,17,430,1722.96464538,A*,94593,94593,1336.9339543351089,1722.9646455628217
movingai,maze512-16-2,maze,512,,17,430,1722.96464538,JPS,250,98675,260.93370800299454,1722.964645562816
movingai,maze512-16-2,maze,512,,18,466,1865.00122527,A*,129220,129220,1641.2389530451037,1865.0012254892818
movingai,maze512-16-2,maze,512,,18,466,1865.00122527,JPS,356,142718,381.74659900323604,1865.0012254892754
movingai,maze512-16-2,maze,512,,19,495,1983.2144287,A*,116346,116346,1559.9628449253942,1983.2144289248786
movingai,maze512-16-2,maze,512,,19,495,1983.2144287,JPS,307,125253,365.6270700194,1983.2144289248715
movingai,maze512-16-2,maze,512,,20,513,2053.83679504,A*,209081,209081,2771.959669298667,2053.836795288965
movingai,maze512-16-2,maze,512,,20,513,2053.83679504,JPS,528,217501,509.482842977377,2053.8367952889575
movingai,maze512-16-2,maze,512,,21,575,2303.13831023,A*,186583,186583,2649.3154321178736,2303.1383104791175
movingai,maze512-16-2,maze,512,,21,575,2303.13831023,JPS,489,201287,481.08959100318316,2303.138310479122
movingai,maze512-16-2,maze,512,,22,529,2119.67027282,A*,208802,208802,3063.064311958442,2119.6702730475877
movingai,maze512-16-2,maze,512,,22,529,2119.67027282,JPS,527,217631,524.9161969768465,2119.670273047587
movingai,maze512-16-2,maze,512,,23,545,2183.00122527,A*,198477,198477,2850.130312350302,2183.0012254892763
movingai,maze512-16-2,maze,512,,23,545,2183.00122527,JPS,499,205285,499.1007199696469,2183.001225489275
movingai,maze512-16-2,maze,512,,24,598,2395.80735778,A*,220447,220447,3066.9971638508287,2395.807358037429
movingai,maze512-16-2,maze,512,,24,598,2395.80735778,JPS,566,228330,549.7301339946716,2395.807358037435
movingai,maze512-16-2,maze,512,,25,595,2381.72409667,A*,237685,237685,3221.4670520825166,2381.7240969167487
movingai,maze512-16-2,maze,512,,25,595,2381.72409667,JPS,604,245480,572.4363649915176,2381.724096916749
movingai,maze512-16-2,maze,512,,26,658,2632.10887298,A*,190314,190314,2616.855810108973,2632.1088732275803
movingai,maze512-16-2,maze,512,,26,658,2632.10887298,JPS,491,201850,467.92756596369145,2632.1088732275994
movingai,maze512-16-2,maze,512,,27,694,2778.79011382,A*,177598,177598,2608.660088673787,2778.7901140946965
movingai,maze512-16-2,maze,512,,27,694,2778.79011382,JPS,458,192339,450.546135991317,2778.790114094732
movingai,maze512-16-2,maze,512,,28,709,2839.50584258,A*,181245,181245,2507.4311363296147,2839.505842847239
movingai,maze512-16-2,maze,512,,28,709,2839.50584258,JPS,471,193256,465.81220000553003,2839.5058428472694
movingai,maze512-16-2,maze,512,,29,718,2872.44696807,A*,238600,238600,3218.4263241633744,2872.4469683441907
movingai,maze512-16-2,maze,512,,29,718,2872.44696807,JPS,603,246649,578.0399339819269,2872.4469683442244
random,random 100x100,random,100,0.0,0,,62.627416997969476,A*,109,109,1.451657999496092,62.627416997969476
random,random 100x100,random,100,0.0,0,,62.627416997969476,JPS,3,10096,22.18560700202943,62.62741699796952
random,random 100x100,random,100,0.0,1,,79.91168824543134,A*,261,261,3.2705840003472986,79.91168824543134
random,random 100x100,random,100,0.0,1,,79.91168824543134,JPS,3,10021,21.806243999890285,79.91168824543144
random,random 100x100,random,100,0.0,2,,77.32590180780443,A*,239,239,3.0297850262286374,77.32590180780443
random,random 100x100,random,100,0.0,2,,77.32590180780443,JPS,3,10026,22.386235003068577,77.32590180780451
random,random 100x100,random,100,0.0,3,,81.04163056034257,A*,321,321,3.95755401950737,81.04163056034257
random,random 100x100,random,100,0.0,3,,81.04163056034257,JPS,3,10045,22.46717600064585,81.04163056034261
random,random 100x100,random,100,0.0,4,,44.84062043356593,A*,55,55,0.9178009950119304,44.84062043356593
random,random 100x100,random,100,0.0,4,,44.84062043356593,JPS,3,9946,22.793968999394565,44.84062043356595
random,random 100x100,random,100,0.0,5,,87.52691193458112,A*,530,530,6.458233987359563,87.52691193458112
random,random 100x100,random,100,0.0,5,,87.52691193458112,JPS,3,10072,22.410849000152666,87.5269119345812
random,random 100x100,random,100,0.0,6,,53.69848480983495,A*,133,133,1.7722360098559875,53.69848480983495
random,random 100x100,random,100,0.0,6,,53.69848480983495,JPS,3,10033,22.32679000371718,53.698484809834994
random,random 100x100,random,100,0.0,7,,29.414213562373096,A*,58,58,0.7284739913302474,29.414213562373096
random,random 100x100,random,100,0.0,7,,29.414213562373096,JPS,3,10019,22.088122999775806,29.414213562373096
random,random 100x100,random,100,0.0,8,,66.3553390593273,A*,423,423,5.263550954623497,66.3553390593273
random,random 100x100,random,100,0.0,8,,66.3553390593273,JPS,3,10015,23.556297999675735,66.35533905932738
random,random 100x100,random,100,0.0,9,,77.14213562373092,A*,442,442,5.288277019644738,77.14213562373092
random,random 100x100,random,100,0.0,9,,77.14213562373092,JPS,3,10104,25.5876029987121,77.14213562373095
random,random 100x100,random,100,0.0,10,,119.89444430272816,A*,403,403,7.0331719962268835,119.89444430272816
random,random 100x100,random,100,0.0,10,,119.89444430272816,JPS,3,10013,27.674791001118138,119.89444430272833
random,random 100x100,random,100,0.0,11,,34.72792206135785,A*,226,226,3.4210610156151233,34.72792206135785
random,random 100x100,random,100,0.0,11,,34.72792206135785,JPS,3,10072,30.29586100092274,34.72792206135786
random,random 100x100,random,100,0.0,12,,46.284271247461874,A*,252,252,4.2221110215905355,46.284271247461874
random,random 100x100,random,100,0.0,12,,46.284271247461874,JPS,3,10008,29.271377996337833,46.2842712474619
random,random 100x100,random,100,0.0,13,,34.21320343559643,A*,221,221,3.242145998228807,34.21320343559643
random,random 100x100,random,100,0.0,13,,34.21320343559643,JPS,3,10084,28.658770002948586,34.21320343559643
random,random 100x100,random,100,0.0,14,,62.213203435596384,A*,331,331,4.961853992426768,62.213203435596384
random,random 100x100,random,100,0.0,14,,62.213203435596384,JPS,3,10030,25.111240001933766,62.21320343559643
random,random 100x100,random,100,0.0,15,,49.18376618407355,A*,257,257,3.3292120078840526,49.18376618407355
random,random 100x100,random,100,0.0,15,,49.18376618407355,JPS,3,9991,24.00071400006709,49.18376618407357
random,random 100x100,random,100,0.0,16,,33.89949493661166,A*,197,197,2.57482201232051,33.89949493661166
random,random 100x100,random,100,0.0,16,,33.89949493661166,JPS,3,9976,23.12247499867226,33.89949493661167
random,random 100x100,random,100,0.0,17,,24.82842712474619,A*,69,69,0.8783149933151435,24.82842712474619
random,random 100x100,random,100,0.0,17,,24.82842712474619,JPS,3,9950,23.40825300234428,24.82842712474619
random,random 100x100,random,100,0.0,18,,71.59797974644658,A*,449,449,5.901335960516008,71.59797974644658
random,random 100x100,random,100,0.0,18,,71.59797974644658,JPS,3,10098,24.849257995811058,71.59797974644667
random,random 100x100,random,100,0.0,19,,32.627416997969526,A*,173,173,2.1880150179640623,32.627416997969526
random,random 100x100,random,100,0.0,19,,32.627416997969526,JPS,3,9978,22.878297000715975,32.62741699796952
random,random 100x100,random,100,0.0,20,,5.82842712474619,A*,12,12,0.19807099852187093,5.82842712474619
random,random 100x100,random,100,0.0,20,,5.82842712474619,JPS,3,9945,22.789519000070868,5.82842712474619
random,random 100x100,random,100,0.0,21,,73.24264068711928,A*,202,202,2.926490004028892,73.24264068711928
random,random 100x100,random,100,0.0,21,,73.24264068711928,JPS,3,10062,28.1993769986002,73.24264068711929
random,random 100x100,random,100,0.0,22,,35.656854249492376,A*,136,136,2.078635989164468,35.656854249492376
random,random 100x100,random,100,0.0,22,,35.656854249492376,JPS,3,10023,24.677714996869327,35.65685424949238
random,random 100x100,random,100,0.0,23,,39.970562748477136,A*,253,253,3.4489390072849346,39.970562748477136
random,random 100x100,random,100,0.0,23,,39.970562748477136,JPS,3,10083,26.18815099958738,39.97056274847714
random,random 100x100,random,100,0.0,24,,64.14213562373092,A*,338,338,4.125006993490388,64.14213562373092
random,random 100x100,random,100,0.0,24,,64.14213562373092,JPS,3,10023,21.929697999439668,64.14213562373095
random,random 100x100,random,100,0.0,25,,39.112698372208094,A*,195,195,2.5788509938138304,39.112698372208094
random,random 100x100,random,100,0.0,25,,39.112698372208094,JPS,3,9975,22.370756003510905,39.112698372208094
random,random 100x100,random,100,0.0,26,,53.45584412271567,A*,108,108,1.4410480016522342,53.45584412271567
random,random 100x100,random,100,0.0,26,,53.45584412271567,JPS,3,10010,23.357977999694413,53.45584412271572
random,random 100x100,random,100,0.0,27,,11.313708498984763,A*,9,9,0.15132400585571304,11.313708498984763
random,random 100x100,random,100,0.0,27,,11.313708498984763,JPS,2,6400,14.039924000826431,11.313708498984761
random,random 100x100,random,100,0.0,28,,74.69848480983494,A*,288,288,3.408355001738528,74.69848480983494
random,random 100x100,random,100,0.0,28,,74.69848480983494,JPS,3,10070,22.882233997734147,74.698484809835
random,random 100x100,random,100,0.0,29,,57.76955262170043,A*,283,283,3.7799810106662335,57.76955262170043
random,random 100x100,random,100,0.0,29,,57.76955262170043,JPS,3,10011,22.540784000739222,57.76955262170048
random,random 100x100,random,100,0.1,0,,27.89949493661167,A*,105,105,1.110372993935016,27.89949493661167
random,random 100x100,random,100,0.1,0,,27.89949493661167,JPS,43,396,1.1968859944317956,27.89949493661167
random,random 100x100,random,100,0.1,1,,72.14213562373092,A*,426,426,4.723191987068276,72.14213562373092
random,random 100x100,random,100,0.1,1,,72.14213562373092,JPS,122,1293,4.221932003929396,72.14213562373094
random,random 100x100,random,100,0.1,2,,39.52691193458119,A*,162,162,1.862186982179992,39.52691193458119
random,random 100x100,random,100,0.1,2,,39.52691193458119,JPS,48,621,1.8074040071951458,39.52691193458119
random,random 100x100,random,100,0.1,3,,49.97056274847713,A*,118,118,1.46080299600726,49.97056274847713
random,random 100x100,random,100,0.1,3,,49.97056274847713,JPS,42,493,1.453464003134286,49.970562748477136
random,random 100x100,random,100,0.1,4,,45.0,A*,145,145,1.6910040048969677,45.0
random,random 100x100,random,100,0.1,4,,45.0,JPS,32,499,1.399015995048103,45
random,random 100x100,random,100,0.1,5,,19.656854249492383,A*,35,35,0.3838870015897555,19.656854249492383
random,random 100x100,random,100,0.1,5,,19.656854249492383,JPS,12,159,0.44064799658372067,19.656854249492383
random,random 100x100,random,100,0.1,6,,40.55634918610403,A*,98,98,1.137038007072988,40.55634918610403
random,random 100x100,random,100,0.1,6,,40.55634918610403,JPS,35,401,1.3730580012634164,40.55634918610403
random,random 100x100,random,100,0.1,7,,115.33809511662415,A*,782,782,11.929434011108242,115.33809511662415
random,random 100x100,random,100,0.1,7,,115.33809511662415,JPS,312,3603,11.138122028569342,115.33809511662417
random,random 100x100,random,100,0.1,8,,34.48528137423857,A*,78,78,0.9902089950628579,34.48528137423857
random,random 100x100,random,100,0.1,8,,34.48528137423857,JPS,27,243,1.0131530070793815,34.485281374238575
random,random 100x100,random,100,0.1,9,,61.35533905932734,A*,567,567,7.323409010496107,61.35533905932734
random,random 100x100,random,100,0.1,9,,61.35533905932734,JPS,183,2306,6.747151992385625,61.355339059327356
random,random 100x100,random,100,0.1,10,,32.38477631085024,A*,153,153,1.7247529995074729,32.38477631085024
random,random 100x100,random,100,0.1,10,,32.38477631085024,JPS,42,610,1.8049259942927165,32.38477631085024
random,random 100x100,random,100,0.1,11,,82.87005768508877,A*,818,818,9.824918983213138,82.87005768508877
random,random 100x100,random,100,0.1,11,,82.87005768508877,JPS,267,2965,10.024890008935472,82.8700576850888
random,random 100x100,random,100,0.1,12,,18.65685424949238,A*,51,51,0.6029819905961631,18.65685424949238
random,random 100x100,random,100,0.1,12,,18.65685424949238,JPS,10,238,0.6267359949561069,18.65685424949238
random,random 100x100,random,100,0.1,13,,73.49747468305829,A*,772,772,10.158716007936164,73.49747468305829
random,random 100x100,random,100,0.1,13,,73.49747468305829,JPS,315,3622,11.018725013855146,73.49747468305829
random,random 100x100,random,100,0.1,14,,91.71067811865467,A*,703,703,8.923697998397984,91.71067811865467
random,random 100x100,random,100,0.1,14,,91.71067811865467,JPS,264,3435,10.608759010210633,91.71067811865468
random,random 100x100,random,100,0.1,15,,72.18376618407352,A*,427,427,5.048884004281717,72.18376618407352
random,random 100x100,random,100,0.1,15,,72.18376618407352,JPS,145,1587,5.1056729953415925,72.18376618407353
random,random 100x100,random,100,0.1,16,,70.52691193458114,A*,295,295,4.856407993429457,70.52691193458114
random,random 100x100,random,100,0.1,16,,70.52691193458114,JPS,96,1206,4.759969000588171,70.52691193458115
random,random 100x100,random,100,0.1,17,,52.48528137423857,A*,225,225,3.4361610050837044,52.48528137423857
random,random 100x100,random,100,0.1,17,,52.48528137423857,JPS,65,699,2.886654992835247,52.48528137423857
random,random 100x100,random,100,0.1,18,,43.31370849898475,A*,134,134,1.855411001088214,43.31370849898475
random,random 100x100,random,100,0.1,18,,43.31370849898475,JPS,34,457,1.7435359986848198,43.31370849898475
random,random 100x100,random,100,0.1,19,,12.414213562373096,A*,22,22,0.36904399894410744,12.414213562373096
random,random 100x100,random,100,0.1,19,,12.414213562373096,JPS,7,121,0.4613860000972636,12.414213562373096
random,random 100x100,random,100,0.1,20,,107.88225099390844,A*,369,369,5.440784034362878,107.88225099390844
random,random 100x100,random,100,0.1,20,,107.88225099390844,JPS,186,2257,9.09966300787346,107.88225099390847
random,random 100x100,random,100,0.1,21,,20.82842712474619,A*,41,41,0.6309619984676829,20.82842712474619
random,random 100x100,random,100,0.1,21,,20.82842712474619,JPS,11,142,0.5752520082751289,20.82842712474619
random,random 100x100,random,100,0.1,22,,4.242640687119286,A*,4,4,0.07398999696306419,4.242640687119286
random,random 100x100,random,100,0.1,22,,4.242640687119286,JPS,3,55,0.1465740006096894,4.242640687119286
random,random 100x100,random,100,0.1,23,,71.32590180780447,A*,392,392,5.895539970879327,71.32590180780447
random,random 100x100,random,100,0.1,23,,71.32590180780447,JPS,141,2401,8.935755000493373,71.32590180780448
random,random 100x100,random,100,0.1,24,,42.556349186104036,A*,129,129,1.9848410065606004,42.556349186104036
random,random 100x100,random,100,0.1,24,,42.556349186104036,JPS,43,534,2.0531640002445783,42.55634918610405
random,random 100x100,random,100,0.1,25,,68.76955262170041,A*,311,311,4.285911001716158,68.76955262170041
random,random 100x100,random,100,0.1,25,,68.76955262170041,JPS,87,1149,3.8501139933941886,68.76955262170043
random,random 100x100,random,100,0.1,26,,42.24264068711928,A*,81,81,1.3299439997354057,42.24264068711928
random,random 100x100,random,100,0.1,26,,42.24264068711928,JPS,33,434,1.3213700003689155,42.24264068711928
random,random 100x100,random,100,0.1,27,,14.899494936611667,A*,46,46,0.5767119928350439,14.899494936611667
random,random 100x100,random,100,0.1,27,,14.899494936611667,JPS,9,191,0.5564439979934832,14.899494936611667
random,random 100x100,random,100,0.1,28,,11.899494936611667,A*,17,17,0.28904000282636844,11.899494936611667
random,random 100x100,random,100,0.1,28,,11.899494936611667,JPS,11,117,0.48954999874695204,11.899494936611667
random,random 100x100,random,100,0.1,29,,58.07106781186546,A*,209,209,2.3639740011276444,58.07106781186546
random,random 100x100,random,100,0.1,29,,58.07106781186546,JPS,65,792,2.8520250070869224,58.07106781186546
random,random 100x100,random,100,0.2,0,,78.45584412271567,A*,621,621,8.76535200222861,78.45584412271567
random,random 100x100,random,100,0.2,0,,78.45584412271567,JPS,233,1570,6.447013996876194,78.45584412271567
random,random 100x100,random,100,0.2,1,,32.89949493661167,A*,110,110,1.1160489993926603,32.89949493661167
random,random 100x100,random,100,0.2,1,,32.89949493661167,JPS,44,227,0.8990280002763029,32.89949493661167
random,random 100x100,random,100,0.2,2,,71.69848480983495,A*,755,755,7.945194003696088,71.69848480983495
random,random 100x100,random,100,0.2,2,,71.69848480983495,JPS,333,2138,7.58308901640703,71.69848480983497
random,random 100x100,random,100,0.2,3,,104.62741699796949,A*,985,985,10.09928599523846,104.62741699796949
random,random 100x100,random,100,0.2,3,,104.62741699796949,JPS,409,2645,8.914553969589178,104.62741699796949
random,random 100x100,random,100,0.2,4,,27.899494936611667,A*,138,138,1.286578000872396,27.899494936611667
random,random 100x100,random,100,0.2,4,,27.899494936611667,JPS,57,288,1.0857759989448823,27.899494936611667
random,random 100x100,random,100,0.2,5,,63.941125496954264,A*,619,619,6.442705987865338,63.941125496954264
random,random 100x100,random,100,0.2,5,,63.941125496954264,JPS,244,1629,6.26159801686299,63.941125496954264
random,random 100x100,random,100,0.2,6,,106.98275605729681,A*,1033,1033,11.014276040441473,106.98275605729681
random,random 100x100,random,100,0.2,6,,106.98275605729681,JPS,387,2867,9.504107019893127,106.98275605729684
random,random 100x100,random,100,0.2,7,,27.970562748477146,A*,123,123,1.41770000118413,27.970562748477146
random,random 100x100,random,100,0.2,7,,27.970562748477146,JPS,47,341,1.0768380052468274,27.970562748477146
random,random 100x100,random,100,0.2,8,,52.6274169979695,A*,305,305,3.0809340096311644,52.6274169979695
random,random 100x100,random,100,0.2,8,,52.6274169979695,JPS,132,775,2.699875001781038,52.6274169979695
random,random 100x100,random,100,0.2,9,,67.2132034355964,A*,572,572,5.783904000054463,67.2132034355964
random,random 100x100,random,100,0.2,9,,67.2132034355964,JPS,237,1522,5.304936992615694,67.21320343559641
random,random 100x100,random,100,0.2,10,,36.21320343559643,A*,122,122,1.3988909904583124,36.21320343559643
random,random 100x100,random,100,0.2,10,,36.21320343559643,JPS,40,321,1.021141008095583,36.21320343559643
random,random 100x100,random,100,0.2,11,,69.97056274847712,A*,458,458,4.956358005074435,69.97056274847712
random,random 100x100,random,100,0.2,11,,69.97056274847712,JPS,187,1294,4.61453198295203,69.97056274847712
random,random 100x100,random,100,0.2,12,,130.53910524340085,A*,2359,2359,26.03708101742086,130.53910524340085
random,random 100x100,random,100,0.2,12,,130.53910524340085,JPS,1047,6854,24.103921994537814,130.53910524340085
random,random 100x100,random,100,0.2,13,,61.94112549695425,A*,480,480,5.059045004600193,61.94112549695425
random,random 100x100,random,100,0.2,13,,61.94112549695425,JPS,207,1254,4.3806220091937575,61.94112549695426
random,random 100x100,random,100,0.2,14,,57.284271247461874,A*,506,506,5.167098968740902,57.284271247461874
random,random 100x100,random,100,0.2,14,,57.284271247461874,JPS,228,1405,4.789996981344302,57.28427124746189
random,random 100x100,random,100,0.2,15,,75.14213562373094,A*,704,704,7.6405279942264315,75.14213562373094
random,random 100x100,random,100,0.2,15,,75.14213562373094,JPS,291,1818,6.838637018518057,75.14213562373094
random,random 100x100,random,100,0.2,16,,82.87005768508877,A*,419,419,4.622567010301282,82.87005768508877
random,random 100x100,random,100,0.2,16,,82.87005768508877,JPS,159,1079,3.7363199880928732,82.87005768508878
random,random 100x100,random,100,0.2,17,,33.798989873223334,A*,132,132,1.4482170008704998,33.798989873223334
random,random 100x100,random,100,0.2,17,,33.798989873223334,JPS,51,322,1.0702560048230225,33.798989873223334
random,random 100x100,random,100,0.2,18,,50.727922061357845,A*,277,277,2.9565779950644355,50.727922061357845
random,random 100x100,random,100,0.2,18,,50.727922061357845,JPS,117,749,2.789142998153693,50.727922061357845
random,random 100x100,random,100,0.2,19,,24.899494936611667,A*,122,122,1.256712006579619,24.899494936611667
random,random 100x100,random,100,0.2,19,,24.899494936611667,JPS,63,322,1.2024700045003556,24.899494936611667
random,random 100x100,random,100,0.2,20,,43.89949493661166,A*,200,200,1.968367003428284,43.89949493661166
random,random 100x100,random,100,0.2,20,,43.89949493661166,JPS,75,501,1.7037029974744655,43.89949493661166
random,random 100x100,random,100,0.2,21,,119.08326112068517,A*,1406,1406,15.095437036507064,119.08326112068517
random,random 100x100,random,100,0.2,21,,119.08326112068517,JPS,578,3530,12.22513099128264,119.08326112068518
random,random 100x100,random,100,0.2,22,,55.656854249492376,A*,186,186,1.933381985509186,55.656854249492376
random,random 100x100,random,100,0.2,22,,55.656854249492376,JPS,75,510,1.7637579949223436,55.656854249492376
random,random 100x100,random,100,0.2,23,,55.21320343559643,A*,345,345,3.673716999401222,55.21320343559643
random,random 100x100,random,100,0.2,23,,55.21320343559643,JPS,145,1069,3.528991010171012,55.213203435596434
random,random 100x100,random,100,0.2,24,,56.79898987322332,A*,396,396,4.744250014482532,56.79898987322332
random,random 100x100,random,100,0.2,24,,56.79898987322332,JPS,142,1107,4.079701004229719,56.79898987322333
random,random 100x100,random,100,0.2,25,,14.485281374238571,A*,45,45,0.5099070003780071,14.485281374238571
random,random 100x100,random,100,0.2,25,,14.485281374238571,JPS,22,145,0.4892270026175538,14.485281374238571
random,random 100x100,random,100,0.2,26,,99.91168824543136,A*,546,546,6.2567519780714065,99.91168824543136
random,random 100x100,random,100,0.2,26,,99.91168824543136,JPS,223,1331,5.351179008357576,99.91168824543138
random,random 100x100,random,100,0.2,27,,40.79898987322332,A*,286,286,2.9537659866036847,40.79898987322332
random,random 100x100,random,100,0.2,27,,40.79898987322332,JPS,118,765,2.5324349971924676,40.79898987322333
random,random 100x100,random,100,0.2,28,,29.142135623730955,A*,134,134,1.4925260093150428,29.142135623730955
random,random 100x100,random,100,0.2,28,,29.142135623730955,JPS,49,444,1.3752540053246776,29.142135623730955
random,random 100x100,random,100,0.2,29,,45.79898987322332,A*,303,303,3.421014023842872,45.79898987322332
random,random 100x100,random,100,0.2,29,,45.79898987322332,JPS,115,721,2.5081200037675444,45.79898987322333
random,random 100x100,random,100,0.3,0,,13.242640687119286,A*,22,22,0.20513600247795694,13.242640687119286
random,random 100x100,random,100,0.3,0,,13.242640687119286,JPS,11,58,0.2054329997918103,13.242640687119286
random,random 100x100,random,100,0.3,1,,81.87005768508878,A*,808,808,7.304755952645792,81.87005768508878
random,random 100x100,random,100,0.3,1,,81.87005768508878,JPS,348,1511,5.763241990280221,81.87005768508878
random,random 100x100,random,100,0.3,2,,57.31370849898475,A*,422,422,5.269539997243555,57.31370849898475
random,random 100x100,random,100,0.3,2,,57.31370849898475,JPS,168,788,3.005528989888262,57.31370849898475
random,random 100x100,random,100,0.3,3,,71.0416305603426,A*,638,638,5.8549510104057845,71.0416305603426
random,random 100x100,random,100,0.3,3,,71.0416305603426,JPS,298,1229,4.600295014824951,71.04163056034261
random,random 100x100,random,100,0.3,4,,64.0416305603426,A*,270,270,2.2965139996813377,64.0416305603426
random,random 100x100,random,100,0.3,4,,64.0416305603426,JPS,103,536,1.873281020380091,64.04163056034261
random,random 100x100,random,100,0.3,5,,64.31370849898475,A*,535,535,4.583670994179556,64.31370849898475
random,random 100x100,random,100,0.3,5,,64.31370849898475,JPS,252,1094,4.103754996322095,64.31370849898475
random,random 100x100,random,100,0.3,6,,100.6274169979695,A*,901,901,7.858719054638641,100.6274169979695
random,random 100x100,random,100,0.3,6,,100.6274169979695,JPS,374,1603,6.871627014334081,100.6274169979695
random,random 100x100,random,100,0.3,7,,127.1837661840735,A*,2561,2561,27.314513998135226,127.1837661840735
random,random 100x100,random,100,0.3,7,,127.1837661840735,JPS,1145,4858,22.537875956913922,127.18376618407352
random,random 100x100,random,100,0.3,8,,119.59797974644661,A*,1594,1594,14.87367900335812,119.59797974644661
random,random 100x100,random,100,0.3,8,,119.59797974644661,JPS,712,3023,13.534373996662907,119.59797974644661
random,random 100x100,random,100,0.3,9,,82.69848480983497,A*,693,693,7.896586994320387,82.69848480983497
random,random 100x100,random,100,0.3,9,,82.69848480983497,JPS,273,1380,6.5337709838786395,82.69848480983497
random,random 100x100,random,100,0.3,10,,59.31370849898475,A*,386,386,3.7126689931028523,59.31370849898475
random,random 100x100,random,100,0.3,10,,59.31370849898475,JPS,167,684,3.7763329928566236,59.31370849898476
random,random 100x100,random,100,0.3,11,,83.45584412271569,A*,1199,1199,12.974014984138194,83.45584412271569
random,random 100x100,random,100,0.3,11,,83.45584412271569,JPS,562,2556,10.541293011556263,83.45584412271569
random,random 100x100,random,100,0.3,12,,61.142135623730944,A*,716,716,6.315545011602808,61.142135623730944
random,random 100x100,random,100,0.3,12,,61.142135623730944,JPS,347,1684,6.682095006908639,61.142135623730944
random,random 100x100,random,100,0.3,13,,40.828427124746185,A*,259,259,2.353606996621238,40.828427124746185
random,random 100x100,random,100,0.3,13,,40.828427124746185,JPS,117,550,2.0376300235511735,40.828427124746185
random,random 100x100,random,100,0.3,14,,66.79898987322332,A*,681,681,5.9534989995881915,66.79898987322332
random,random 100x100,random,100,0.3,14,,66.79898987322332,JPS,270,1357,4.813161016500089,66.79898987322332
random,random 100x100,random,100,0.3,15,,62.55634918610403,A*,666,666,5.953579002380138,62.55634918610403
random,random 100x100,random,100,0.3,15,,62.55634918610403,JPS,304,1353,6.368721016769996,62.556349186104036
random,random 100x100,random,100,0.3,16,,97.49747468305829,A*,1107,1107,10.65465902320284,97.49747468305829
random,random 100x100,random,100,0.3,16,,97.49747468305829,JPS,484,2172,9.58053501562972,97.49747468305829
random,random 100x100,random,100,0.3,17,,82.7989898732233,A*,872,872,7.999497040145798,82.7989898732233
random,random 100x100,random,100,0.3,17,,82.7989898732233,JPS,380,1706,6.735231987477164,82.7989898732233
random,random 100x100,random,100,0.3,18,,24.899494936611667,A*,97,97,1.1064019909099443,24.899494936611667
random,random 100x100,random,100,0.3,18,,24.899494936611667,JPS,43,211,0.8096370002022013,24.899494936611667
random,random 100x100,random,100,0.3,19,,64.31370849898475,A*,821,821,7.021591023658402,64.31370849898475
random,random 100x100,random,100,0.3,19,,64.31370849898475,JPS,360,1528,6.02634197093721,64.31370849898477
random,random 100x100,random,100,0.3,20,,87.21320343559641,A*,1593,1593,14.485550082099508,87.21320343559641
random,random 100x100,random,100,0.3,20,,87.21320343559641,JPS,678,2877,11.513696983456612,87.21320343559641
random,random 100x100,random,100,0.3,21,,64.6274169979695,A*,793,793,6.861414974991931,64.6274169979695
random,random 100x100,random,100,0.3,21,,64.6274169979695,JPS,324,1444,5.456429009427666,64.62741699796952
random,random 100x100,random,100,0.3,22,,58.384776310850214,A*,389,389,3.167618002407835,58.384776310850214
random,random 100x100,random,100,0.3,22,,58.384776310850214,JPS,163,632,2.65010599832749,58.38477631085022
random,random 100x100,random,100,0.3,23,,63.14213562373094,A*,537,537,4.818096007511485,63.14213562373094
random,random 100x100,random,100,0.3,23,,63.14213562373094,JPS,232,1056,3.8745019974157913,63.14213562373095
random,random 100x100,random,100,0.3,24,,71.55634918610403,A*,665,665,6.026454959283001,71.55634918610403
random,random 100x100,random,100,0.3,24,,71.55634918610403,JPS,288,1364,5.09555699863995,71.55634918610404
random,random 100x100,random,100,0.3,25,,53.97056274847712,A*,347,347,3.0661530036013573,53.97056274847712
random,random 100x100,random,100,0.3,25,,53.97056274847712,JPS,137,638,2.356535984290531,53.970562748477136
random,random 100x100,random,100,0.3,26,,37.55634918610404,A*,231,231,2.3088880043360405,37.55634918610404
random,random 100x100,random,100,0.3,26,,37.55634918610404,JPS,92,474,1.695625995125738,37.55634918610404
random,random 100x100,random,100,0.3,27,,137.254833995939,A*,2456,2456,22.154814012537827,137.254833995939
random,random 100x100,random,100,0.3,27,,137.254833995939,JPS,1071,4863,18.931055992652546,137.25483399593904
random,random 100x100,random,100,0.3,28,,102.69848480983494,A*,1443,1443,12.534547973700683,102.69848480983494
random,random 100x100,random,100,0.3,28,,102.69848480983494,JPS,577,2601,9.795269963433384,102.69848480983495
random,random 100x100,random,100,0.3,29,,111.08326112068517,A*,1373,1373,13.045031984802336,111.08326112068517
random,random 100x100,random,100,0.3,29,,111.08326112068517,JPS,594,2804,10.159135983485612,111.08326112068518
random,random 100x100,random,100,0.4,0,,54.55634918610403,A*,213,213,1.6326949807989877,54.55634918610403
random,random 100x100,random,100,0.4,0,,54.55634918610403,JPS,90,310,1.3171340051485458,54.556349186104036
random,random 100x100,random,100,0.4,1,,19.242640687119287,A*,45,45,0.3975630006607389,19.242640687119287
random,random 100x100,random,100,0.4,1,,19.242640687119287,JPS,21,93,0.38237599801504984,19.242640687119287
random,random 100x100,random,100,0.4,2,,119.97056274847712,A*,891,891,7.281207963387715,119.97056274847712
random,random 100x100,random,100,0.4,2,,119.97056274847712,JPS,375,1229,6.110418995376676,119.97056274847712
random,random 100x100,random,100,0.4,3,,4.0,A*,5,5,0.047216999519150704,4.0
random,random 100x100,random,100,0.4,3,,4.0,JPS,5,10,0.1462339987483574,4
random,random 100x100,random,100,0.4,4,,13.65685424949238,A*,45,45,0.6207680071383948,13.65685424949238
random,random 100x100,random,100,0.4,4,,13.65685424949238,JPS,25,92,0.6060089999664342,13.65685424949238
random,random 100x100,random,100,0.4,5,,92.97056274847712,A*,802,802,7.008393993601203,92.97056274847712
random,random 100x100,random,100,0.4,5,,92.97056274847712,JPS,337,1249,6.830444988736417,92.97056274847712
random,random 100x100,random,100,0.4,6,,99.04163056034258,A*,1316,1316,15.622021024682908,99.04163056034258
random,random 100x100,random,100,0.4,6,,99.04163056034258,JPS,525,1760,9.686037030405714,99.04163056034258
random,random 100x100,random,100,0.4,7,,26.242640687119287,A*,89,89,1.039058019159711,26.242640687119287
random,random 100x100,random,100,0.4,7,,26.242640687119287,JPS,39,150,0.8232239961216692,26.242640687119287
random,random 100x100,random,100,0.4,8,,37.485281374238575,A*,120,120,1.3011760074732592,37.485281374238575
random,random 100x100,random,100,0.4,8,,37.485281374238575,JPS,53,197,1.182017003884539,37.485281374238575
random,random 100x100,random,100,0.4,9,,37.242640687119284,A*,190,190,1.9604540011641802,37.242640687119284
random,random 100x100,random,100,0.4,9,,37.242640687119284,JPS,89,284,1.687819996732287,37.24264068711929
random,random 100x100,random,100,0.4,10,,134.52691193458114,A*,1841,1841,16.316994988301303,134.52691193458114
random,random 100x100,random,100,0.4,10,,134.52691193458114,JPS,754,2531,11.01329802077089,134.52691193458114
random,random 100x100,random,100,0.4,11,,51.89949493661167,A*,410,410,3.284119988165912,51.89949493661167
random,random 100x100,random,100,0.4,11,,51.89949493661167,JPS,170,598,2.5765040118130855,51.89949493661167
random,random 100x100,random,100,0.4,12,,137.8700576850888,A*,936,936,7.586867994177737,137.8700576850888
random,random 100x100,random,100,0.4,12,,137.8700576850888,JPS,386,1293,6.220761992153712,137.8700576850888
random,random 100x100,random,100,0.4,13,,105.87005768508878,A*,790,790,6.524228982016211,105.87005768508878
random,random 100x100,random,100,0.4,13,,105.87005768508878,JPS,295,1041,4.345892988567357,105.87005768508878
random,random 100x100,random,100,0.4,14,,194.08326112068528,A*,3418,3418,28.83045700400544,194.08326112068528
random,random 100x100,random,100,0.4,14,,194.08326112068528,JPS,1282,4552,24.842689983415767,194.08326112068525
random,random 100x100,random,100,0.4,15,,91.97056274847711,A*,1106,1106,9.697409042928484,91.97056274847711
random,random 100x100,random,100,0.4,15,,91.97056274847711,JPS,459,1621,7.189859006757615,91.97056274847712
random,random 100x100,random,100,0.4,16,,37.72792206135786,A*,119,119,1.3314180032466538,37.72792206135786
random,random 100x100,random,100,0.4,16,,37.72792206135786,JPS,55,211,0.9213080011249986,37.72792206135786
random,random 100x100,random,100,0.4,17,,142.28427124746185,A*,1126,1126,10.61712100818113,142.28427124746185
random,random 100x100,random,100,0.4,17,,142.28427124746185,JPS,474,1623,6.916780981555348,142.28427124746187
random,random 100x100,random,100,0.4,18,,44.72792206135786,A*,300,300,2.3966579956322676,44.72792206135786
random,random 100x100,random,100,0.4,18,,44.72792206135786,JPS,119,439,1.9106619893136667,44.72792206135786
random,random 100x100,random,100,0.4,19,,50.48528137423857,A*,258,258,2.0868890023848508,50.48528137423857
random,random 100x100,random,100,0.4,19,,50.48528137423857,JPS,107,381,1.814603998354869,50.485281374238575
random,random 100x100,random,100,0.4,20,,51.48528137423857,A*,252,252,2.1458470073412172,51.48528137423857
random,random 100x100,random,100,0.4,20,,51.48528137423857,JPS,110,434,1.8009880022873404,51.48528137423857
random,random 100x100,random,100,0.4,21,,97.79898987322329,A*,1010,1010,9.577488022841862,97.79898987322329
random,random 100x100,random,100,0.4,21,,97.79898987322329,JPS,413,1535,6.185580015880987,97.79898987322332
random,random 100x100,random,100,0.4,22,,25.656854249492383,A*,61,61,0.6463949957833393,25.656854249492383
random,random 100x100,random,100,0.4,22,,25.656854249492383,JPS,24,97,0.3787220011872705,25.656854249492383
random,random 100x100,random,100,0.4,23,,166.69848480983498,A*,2002,2002,18.274220943567343,166.69848480983498
random,random 100x100,random,100,0.4,23,,166.69848480983498,JPS,765,2854,11.964704963247641,166.69848480983498
random,random 100x100,random,100,0.4,24,,127.52691193458115,A*,1211,1211,10.212955046881689,127.52691193458115
random,random 100x100,random,100,0.4,24,,127.52691193458115,JPS,477,1673,7.149543009290937,127.52691193458115
random,random 100x100,random,100,0.4,25,,24.242640687119287,A*,82,82,0.6084799988457235,24.242640687119287
random,random 100x100,random,100,0.4,25,,24.242640687119287,JPS,39,127,0.5407530043157749,24.242640687119287
random,random 100x100,random,100,0.4,26,,148.52691193458122,A*,1420,1420,12.214405973281828,148.52691193458122
random,random 100x100,random,100,0.4,26,,148.52691193458122,JPS,579,1982,8.838709007250145,148.52691193458122
random,random 100x100,random,100,0.4,27,,132.21320343559643,A*,2118,2118,17.61206696755835,132.21320343559643
random,random 100x100,random,100,0.4,27,,132.21320343559643,JPS,849,2886,12.400782039549085,132.21320343559643
random,random 100x100,random,100,0.4,28,,24.656854249492383,A*,101,101,0.8181279881682713,24.656854249492383
random,random 100x100,random,100,0.4,28,,24.656854249492383,JPS,44,159,0.6455090042436495,24.656854249492383
random,random 100x100,random,100,0.4,29,,188.0832611206853,A*,2983,2983,24.49425005215744,188.0832611206853
random,random 100x100,random,100,0.4,29,,188.0832611206853,JPS,1161,4024,17.158827009552624,188.0832611206853
random,random 200x200,random,200,0.0,0,,107.28427124746185,A*,552,552,6.5080979893537005,107.28427124746185
random,random 200x200,random,200,0.0,0,,107.28427124746185,JPS,3,40049,88.8593160034361,107.2842712474619
random,random 200x200,random,200,0.0,1,,108.43860018001246,A*,267,267,3.5925169922848,108.43860018001246
random,random 200x200,random,200,0.0,1,,108.43860018001246,JPS,3,40010,89.0009930008091,108.43860018001261
random,random 200x200,random,200,0.0,2,,47.284271247461874,A*,270,270,3.696074994877563,47.284271247461874
random,random 200x200,random,200,0.0,2,,47.284271247461874,JPS,3,39988,91.69907699833857,47.2842712474619
random,random 200x200,random,200,0.0,3,,50.94112549695426,A*,314,314,3.8443150369857904,50.94112549695426
random,random 200x200,random,200,0.0,3,,50.94112549695426,JPS,3,39945,92.38573699985864,50.941125496954285
random,random 200x200,random,200,0.0,4,,218.1198410471447,A*,5856,5856,78.92320497376204,218.1198410471447
random,random 200x200,random,200,0.0,4,,218.1198410471447,JPS,3,40044,97.1787639973627,218.11984104714452
random,random 200x200,random,200,0.0,5,,112.21320343559638,A*,484,484,8.008928991330322,112.21320343559638
random,random 200x200,random,200,0.0,5,,112.21320343559638,JPS,3,40132,96.5185549994203,112.21320343559643
random,random 200x200,random,200,0.0,6,,163.11269837220803,A*,470,470,6.660145991190802,163.11269837220803
random,random 200x200,random,200,0.0,6,,163.11269837220803,JPS,3,40090,99.56267799861962,163.1126983722081
random,random 200x200,random,200,0.0,7,,90.3553390593273,A*,498,498,7.685829996262328,90.3553390593273
random,random 200x200,random,200,0.0,7,,90.3553390593273,JPS,3,39937,95.44833499967353,90.35533905932738
random,random 200x200,random,200,0.0,8,,123.94112549695421,A*,254,254,3.280989991253591,123.94112549695421
random,random 200x200,random,200,0.0,8,,123.94112549695421,JPS,3,40013,88.99943900360086,123.94112549695429
random,random 200x200,random,200,0.0,9,,122.32590180780441,A*,339,339,4.204390990707907,122.32590180780441
random,random 200x200,random,200,0.0,9,,122.32590180780441,JPS,3,40135,97.2756749997643,122.32590180780451
random,random 200x200,random,200,0.0,10,,120.62741699796948,A*,325,325,4.436121987964725,120.62741699796948
random,random 200x200,random,200,0.0,10,,120.62741699796948,JPS,3,40030,96.02165099931881,120.62741699796952
random,random 200x200,random,200,0.0,11,,144.91168824543132,A*,974,974,12.771367973982706,144.91168824543132
random,random 200x200,random,200,0.0,11,,144.91168824543132,JPS,3,40154,89.03021900005115,144.91168824543144
random,random 200x200,random,200,0.0,12,,213.24978336205567,A*,7007,7007,88.45857005871949,213.24978336205567
random,random 200x200,random,200,0.0,12,,213.24978336205567,JPS,3,40136,92.50561099906918,213.2497833620557
random,random 200x200,random,200,0.0,13,,70.7106781186547,A*,51,51,0.8865840027283411,70.7106781186547
random,random 200x200,random,200,0.0,13,,70.7106781186547,JPS,2,36871,84.52777599995898,70.71067811865476
random,random 200x200,random,200,0.0,14,,69.89949493661165,A*,270,270,3.498112006127485,69.89949493661165
random,random 200x200,random,200,0.0,14,,69.89949493661165,JPS,3,40039,88.9856250014418,69.89949493661166
random,random 200x200,random,200,0.0,15,,63.87005768508876,A*,83,83,1.12205801269738,63.87005768508876
random,random 200x200,random,200,0.0,15,,63.87005768508876,JPS,3,39987,88.54777200031094,63.87005768508881
random,random 200x200,random,200,0.0,16,,135.4142135623731,A*,270,270,3.7259970104059903,135.4142135623731
random,random 200x200,random,200,0.0,16,,135.4142135623731,JPS,3,40125,95.21302299981471,135.4142135623731
random,random 200x200,random,200,0.0,17,,116.39696961966987,A*,355,355,4.5647209881281015,116.39696961966987
random,random 200x200,random,200,0.0,17,,116.39696961966987,JPS,3,39977,92.4258529994404,116.39696961966999
random,random 200x200,random,200,0.0,18,,102.22539674441606,A*,262,262,3.3294289823970757,102.22539674441606
random,random 200x200,random,200,0.0,18,,102.22539674441606,JPS,3,39994,111.68031700071879,102.22539674441619
random,random 200x200,random,200,0.0,19,,43.14213562373094,A*,296,296,4.0310340064024786,43.14213562373094
random,random 200x200,random,200,0.0,19,,43.14213562373094,JPS,3,40014,102.93405699849245,43.14213562373095
random,random 200x200,random,200,0.0,20,,137.22539674441606,A*,604,604,11.919664995730272,137.22539674441606
random,random 200x200,random,200,0.0,20,,137.22539674441606,JPS,3,40020,112.83708900009515,137.22539674441617
random,random 200x200,random,200,0.0,21,,55.72792206135783,A*,290,290,4.246888009220129,55.72792206135783
random,random 200x200,random,200,0.0,21,,55.72792206135783,JPS,3,39981,104.07586299879767,55.72792206135786
random,random 200x200,random,200,0.0,22,,12.0,A*,13,13,0.3059049959119875,12.0
random,random 200x200,random,200,0.0,22,,12.0,JPS,2,39857,115.28657699818723,12
random,random 200x200,random,200,0.0,23,,24.65685424949238,A*,52,52,0.9218380037054885,24.65685424949238
random,random 200x200,random,200,0.0,23,,24.65685424949238,JPS,3,39894,103.42062200288638,24.65685424949238
random,random 200x200,random,200,0.0,24,,158.79393923933998,A*,881,881,13.57003492921649,158.79393923933998
random,random 200x200,random,200,0.0,24,,158.79393923933998,JPS,3,40037,99.95611900012591,158.79393923933998
random,random 200x200,random,200,0.0,25,,147.15432893255058,A*,422,422,5.425546991318697,147.15432893255058
random,random 200x200,random,200,0.0,25,,147.15432893255058,JPS,3,40183,95.40119800112734,147.1543289325507
random,random 200x200,random,200,0.0,26,,123.43860018001246,A*,454,454,6.7790339981002035,123.43860018001246
random,random 200x200,random,200,0.0,26,,123.43860018001246,JPS,3,40020,91.02161600094405,123.43860018001261
random,random 200x200,random,200,0.0,27,,118.48023074035507,A*,426,426,5.5411460180039285,118.48023074035507
random,random 200x200,random,200,0.0,27,,118.48023074035507,JPS,3,39935,93.15712500392692,118.48023074035522
random,random 200x200,random,200,0.0,28,,37.21320343559643,A*,263,263,3.349690983668552,37.21320343559643
random,random 200x200,random,200,0.0,28,,37.21320343559643,JPS,3,39979,97.47279600014735,37.21320343559643
random,random 200x200,random,200,0.0,29,,25.65685424949238,A*,72,72,0.9165509964077501,25.65685424949238
random,random 200x200,random,200,0.0,29,,25.65685424949238,JPS,3,39930,99.85087799941539,25.65685424949238
random,random 200x200,random,200,0.1,0,,37.89949493661166,A*,169,169,2.01165100770595,37.89949493661166
random,random 200x200,random,200,0.1,0,,37.89949493661166,JPS,41,828,2.171207994251745,37.89949493661166
random,random 200x200,random,200,0.1,1,,140.3847763108502,A*,950,950,11.360933000105433,140.3847763108502
random,random 200x200,random,200,0.1,1,,140.3847763108502,JPS,241,2931,9.212986000420642,140.3847763108502
random,random 200x200,random,200,0.1,2,,177.5979797464467,A*,1238,1238,15.182139928583638,177.5979797464467
random,random 200x200,random,200,0.1,2,,177.5979797464467,JPS,402,4285,14.0924159950373,177.59797974644667
random,random 200x200,random,200,0.1,3,,64.07106781186548,A*,176,176,2.00439498439664,64.07106781186548
random,random 200x200,random,200,0.1,3,,64.07106781186548,JPS,47,580,1.8166529971495038,64.07106781186548
random,random 200x200,random,200,0.1,4,,61.94112549695424,A*,215,215,2.5410239777556853,61.94112549695424
random,random 200x200,random,200,0.1,4,,61.94112549695424,JPS,59,680,1.964564999070717,61.94112549695426
random,random 200x200,random,200,0.1,5,,93.55634918610403,A*,604,604,6.726991012328654,93.55634918610403
random,random 200x200,random,200,0.1,5,,93.55634918610403,JPS,189,2209,6.771201997253229,93.55634918610403
random,random 200x200,random,200,0.1,6,,115.6101730552663,A*,1070,1070,13.403454007857363,115.6101730552663
random,random 200x200,random,200,0.1,6,,115.6101730552663,JPS,417,5107,14.77815099133295,115.61017305526633
random,random 200x200,random,200,0.1,7,,105.55634918610401,A*,655,655,7.699131998379016,105.55634918610401
random,random 200x200,random,200,0.1,7,,105.55634918610401,JPS,146,2164,6.372794992785202,105.55634918610401
random,random 200x200,random,200,0.1,8,,48.526911934581165,A*,222,222,2.5376789963047486,48.526911934581165
random,random 200x200,random,200,0.1,8,,48.526911934581165,JPS,56,1053,3.0125600005703745,48.52691193458117
random,random 200x200,random,200,0.1,9,,53.35533905932736,A*,278,278,3.7049549973744433,53.35533905932736
random,random 200x200,random,200,0.1,9,,53.35533905932736,JPS,89,1032,2.9745619976893067,53.35533905932738
random,random 200x200,random,200,0.1,10,,29.89949493661167,A*,90,90,1.0643479781720089,29.89949493661167
random,random 200x200,random,200,0.1,10,,29.89949493661167,JPS,30,393,1.178329999675043,29.89949493661167
random,random 200x200,random,200,0.1,11,,146.37972567696684,A*,1660,1660,20.37432202087075,146.37972567696684
random,random 200x200,random,200,0.1,11,,146.37972567696684,JPS,616,8329,24.742161984249833,146.37972567696684
random,random 200x200,random,200,0.1,12,,128.3969696196699,A*,2529,2529,29.89338397674146,128.3969696196699
random,random 200x200,random,200,0.1,12,,128.3969696196699,JPS,984,11185,32.55560696743487,128.3969696196699
random,random 200x200,random,200,0.1,13,,180.71067811865476,A*,2271,2271,27.465146031318,180.71067811865476
random,random 200x200,random,200,0.1,13,,180.71067811865476,JPS,522,6196,19.16865599923767,180.71067811865473
random,random 200x200,random,200,0.1,14,,148.04163056034258,A*,1875,1875,20.94337105336308,148.04163056034258
random,random 200x200,random,200,0.1,14,,148.04163056034258,JPS,594,7639,22.681068980091368,148.04163056034258
random,random 200x200,random,200,0.1,15,,102.71067811865467,A*,962,962,10.808128019561991,102.71067811865467
random,random 200x200,random,200,0.1,15,,102.71067811865467,JPS,374,4624,15.16312799321895,102.71067811865468
random,random 200x200,random,200,0.1,16,,145.69848480983495,A*,2101,2101,23.45383001920709,145.69848480983495
random,random 200x200,random,200,0.1,16,,145.69848480983495,JPS,754,8756,25.678396021248773,145.69848480983495
random,random 200x200,random,200,0.1,17,,14.65685424949238,A*,34,34,0.44822099698649254,14.65685424949238
random,random 200x200,random,200,0.1,17,,14.65685424949238,JPS,12,211,0.6148350003059022,14.65685424949238
random,random 200x200,random,200,0.1,18,,134.32590180780443,A*,513,513,5.875507995369844,134.32590180780443
random,random 200x200,random,200,0.1,18,,134.32590180780443,JPS,160,1891,5.959989004622912,134.32590180780446
random,random 200x200,random,200,0.1,19,,92.62741699796949,A*,407,407,4.815055970539106,92.62741699796949
random,random 200x200,random,200,0.1,19,,92.62741699796949,JPS,72,918,2.728056004343671,92.62741699796949
random,random 200x200,random,200,0.1,20,,138.30865786510134,A*,1685,1685,22.951067958274507,138.30865786510134
random,random 200x200,random,200,0.1,20,,138.30865786510134,JPS,631,8506,26.692401987020276,138.30865786510134
random,random 200x200,random,200,0.1,21,,79.32590180780446,A*,742,742,10.090353014675202,79.32590180780446
random,random 200x200,random,200,0.1,21,,79.32590180780446,JPS,273,3353,9.802690001379233,79.32590180780448
random,random 200x200,random,200,0.1,22,,133.71067811865467,A*,741,741,8.699338006408652,133.71067811865467
random,random 200x200,random,200,0.1,22,,133.71067811865467,JPS,208,2838,8.937374997913139,133.71067811865467
random,random 200x200,random,200,0.1,23,,200.95331880577407,A*,3409,3409,42.833149982470786,200.95331880577407
random,random 200x200,random,200,0.1,23,,200.95331880577407,JPS,704,7893,25.900631007971242,200.95331880577402
random,random 200x200,random,200,0.1,24,,98.22539674441607,A*,395,395,4.771275005623465,98.22539674441607
random,random 200x200,random,200,0.1,24,,98.22539674441607,JPS,124,1344,4.072015988640487,98.2253967444161
random,random 200x200,random,200,0.1,25,,113.53910524340084,A*,1455,1455,17.41934502024378,113.53910524340084
random,random 200x200,random,200,0.1,25,,113.53910524340084,JPS,572,6681,19.913766016543377,113.53910524340084
random,random 200x200,random,200,0.1,26,,76.14213562373092,A*,259,259,2.9410909992293455,76.14213562373092
random,random 200x200,random,200,0.1,26,,76.14213562373092,JPS,85,883,2.6470630036783405,76.14213562373092
random,random 200x200,random,200,0.1,27,,116.89949493661165,A*,445,445,4.997028956495342,116.89949493661165
random,random 200x200,random,200,0.1,27,,116.89949493661165,JPS,119,1385,4.0111079906637315,116.89949493661166
random,random 200x200,random,200,0.1,28,,60.656854249492376,A*,135,135,1.4668170078948606,60.656854249492376
random,random 200x200,random,200,0.1,28,,60.656854249492376,JPS,42,465,1.436944998204126,60.656854249492376
random,random 200x200,random,200,0.1,29,,80.07106781186548,A*,295,295,3.533206989231985,80.07106781186548
random,random 200x200,random,200,0.1,29,,80.07106781186548,JPS,70,936,2.615027999127051,80.07106781186548
random,random 200x200,random,200,0.2,0,,92.69848480983498,A*,393,393,3.847885996947298,92.69848480983498
random,random 200x200,random,200,0.2,0,,92.69848480983498,JPS,167,1092,4.214036016492173,92.69848480983498
random,random 200x200,random,200,0.2,1,,239.59292911256372,A*,6612,6612,70.67043800270767,239.59292911256372
random,random 200x200,random,200,0.2,1,,239.59292911256372,JPS,3096,19116,69.30265195660468,239.59292911256358
random,random 200x200,random,200,0.2,2,,45.38477631085022,A*,138,138,1.5901770020718686,45.38477631085022
random,random 200x200,random,200,0.2,2,,45.38477631085022,JPS,60,456,1.5608399953634944,45.38477631085022
random,random 200x200,random,200,0.2,3,,169.91168824543152,A*,2637,2637,32.60380495157733,169.91168824543152
random,random 200x200,random,200,0.2,3,,169.91168824543152,JPS,1103,6647,24.281513002279098,169.91168824543146
random,random 200x200,random,200,0.2,4,,98.52691193458114,A*,588,588,6.191402007971192,98.52691193458114
random,random 200x200,random,200,0.2,4,,98.52691193458114,JPS,238,1518,5.189829998926143,98.52691193458116
random,random 200x200,random,200,0.2,5,,123.52691193458115,A*,1233,1233,13.265844023408135,123.52691193458115
random,random 200x200,random,200,0.2,5,,123.52691193458115,JPS,600,3576,13.26851396697748,123.52691193458115
random,random 200x200,random,200,0.2,6,,86.4264068711928,A*,928,928,9.265467968361918,86.4264068711928
random,random 200x200,random,200,0.2,6,,86.4264068711928,JPS,443,2592,9.071590018720599,86.4264068711928
random,random 200x200,random,200,0.2,7,,239.73506473629473,A*,6370,6370,71.79148301293026,239.73506473629473
random,random 200x200,random,200,0.2,7,,239.73506473629473,JPS,2922,18483,68.325421985719,239.73506473629453
random,random 200x200,random,200,0.2,8,,185.698484809835,A*,3110,3110,33.83647600094264,185.698484809835
random,random 200x200,random,200,0.2,8,,185.698484809835,JPS,1346,8794,31.018599964227178,185.698484809835
random,random 200x200,random,200,0.2,9,,132.32590180780443,A*,1861,1861,20.033944952956517,132.32590180780443
random,random 200x200,random,200,0.2,9,,132.32590180780443,JPS,785,5445,18.649862979145837,132.32590180780443
random,random 200x200,random,200,0.2,10,,72.35533905932733,A*,782,782,8.372933969440055,72.35533905932733
random,random 200x200,random,200,0.2,10,,72.35533905932733,JPS,302,2251,7.973154981300468,72.35533905932735
random,random 200x200,random,200,0.2,11,,82.28427124746187,A*,361,361,4.023186989797978,82.28427124746187
random,random 200x200,random,200,0.2,11,,82.28427124746187,JPS,119,840,2.7227679929637816,82.28427124746187
random,random 200x200,random,200,0.2,12,,161.0538238691624,A*,2153,2153,23.18025503154786,161.0538238691624
random,random 200x200,random,200,0.2,12,,161.0538238691624,JPS,881,5758,19.695755025168182,161.05382386916241
random,random 200x200,random,200,0.2,13,,120.46803743153536,A*,2037,2037,21.773912018034025,120.46803743153536
random,random 200x200,random,200,0.2,13,,120.46803743153536,JPS,904,6283,20.37145498798054,120.4680374315354
random,random 200x200,random,200,0.2,14,,209.5979797464467,A*,3798,3798,40.180562984460266,209.5979797464467
random,random 200x200,random,200,0.2,14,,209.5979797464467,JPS,1642,10543,38.65335002410575,209.5979797464467
random,random 200x200,random,200,0.2,15,,165.82337649086293,A*,3196,3196,34.25651401994401,165.82337649086293
random,random 200x200,random,200,0.2,15,,165.82337649086293,JPS,1405,9144,31.921082949338597,165.82337649086278
random,random 200x200,random,200,0.2,16,,152.4264068711929,A*,1605,1605,17.071853968445794,152.4264068711929
random,random 200x200,random,200,0.2,16,,152.4264068711929,JPS,642,4273,14.305463000710006,152.4264068711929
random,random 200x200,random,200,0.2,17,,173.08326112068536,A*,2951,2951,31.30649596096191,173.08326112068536
random,random 200x200,random,200,0.2,17,,173.08326112068536,JPS,1263,7693,28.095152980313287,173.08326112068528
random,random 200x200,random,200,0.2,18,,143.4558441227157,A*,1856,1856,18.939970026622177,143.4558441227157
random,random 200x200,random,200,0.2,18,,143.4558441227157,JPS,785,4772,16.96471501054475,143.4558441227157
random,random 200x200,random,200,0.2,19,,98.28427124746186,A*,1286,1286,13.352950974876876,98.28427124746186
random,random 200x200,random,200,0.2,19,,98.28427124746186,JPS,527,3526,12.638379012059886,98.28427124746187
random,random 200x200,random,200,0.2,20,,123.76955262170044,A*,1878,1878,19.553180012735538,123.76955262170044
random,random 200x200,random,200,0.2,20,,123.76955262170044,JPS,778,5104,18.76978899781534,123.76955262170046
random,random 200x200,random,200,0.2,21,,117.21320343559638,A*,969,969,9.95773898830521,117.21320343559638
random,random 200x200,random,200,0.2,21,,117.21320343559638,JPS,396,2499,9.737840000525466,117.21320343559638
random,random 200x200,random,200,0.2,22,,82.28427124746187,A*,314,314,3.1520219908998115,82.28427124746187
random,random 200x200,random,200,0.2,22,,82.28427124746187,JPS,108,813,2.563702992119943,82.28427124746187
random,random 200x200,random,200,0.2,23,,177.5685424949238,A*,5576,5576,58.37971298205957,177.5685424949238
random,random 200x200,random,200,0.2,23,,177.5685424949238,JPS,2545,16504,58.597901957909926,177.5685424949238
random,random 200x200,random,200,0.2,24,,76.35533905932735,A*,430,430,4.33317099850683,76.35533905932735
random,random 200x200,random,200,0.2,24,,76.35533905932735,JPS,192,1185,4.088775980562787,76.35533905932735
random,random 200x200,random,200,0.2,25,,114.53910524340084,A*,1681,1681,18.03127196035348,114.53910524340084
random,random 200x200,random,200,0.2,25,,114.53910524340084,JPS,737,4975,16.64766600879375,114.53910524340087
random,random 200x200,random,200,0.2,26,,137.3675323681471,A*,2292,2292,23.674196969295735,137.3675323681471
random,random 200x200,random,200,0.2,26,,137.3675323681471,JPS,962,6293,21.04197401968122,137.3675323681471
random,random 200x200,random,200,0.2,27,,164.6101730552665,A*,3480,3480,36.69061403707019,164.6101730552665
random,random 200x200,random,200,0.2,27,,164.6101730552665,JPS,1586,9509,34.49976098090701,164.6101730552665
random,random 200x200,random,200,0.2,28,,85.45584412271567,A*,513,513,5.783277989394264,85.45584412271567
random,random 200x200,random,200,0.2,28,,85.45584412271567,JPS,196,1264,4.577419991619536,85.45584412271569
random,random 200x200,random,200,0.2,29,,204.19595949289354,A*,4858,4858,52.48394600857864,204.19595949289354
random,random 200x200,random,200,0.2,29,,204.19595949289354,JPS,2053,13520,47.70673800157965,204.1959594928934
random,random 200x200,random,200,0.3,0,,215.53910524340102,A*,8315,8315,79.03702205476293,215.53910524340102
random,random 200x200,random,200,0.3,0,,215.53910524340102,JPS,3742,16592,65.8301260045846,215.539105243401
random,random 200x200,random,200,0.3,1,,24.48528137423857,A*,84,84,0.7682800078328,24.48528137423857
random,random 200x200,random,200,0.3,1,,24.48528137423857,JPS,46,160,0.6881429999339161,24.48528137423857
random,random 200x200,random,200,0.3,2,,53.38477631085023,A*,424,424,4.045906982355518,53.38477631085023
random,random 200x200,random,200,0.3,2,,53.38477631085023,JPS,180,914,3.3203649891220266,53.384776310850235
random,random 200x200,random,200,0.3,3,,59.798989873223306,A*,529,529,5.364795968489489,59.798989873223306
random,random 200x200,random,200,0.3,3,,59.798989873223306,JPS,239,1112,4.5704280128120445,59.79898987322332
random,random 200x200,random,200,0.3,4,,79.38477631085021,A*,1391,1391,12.991673014767002,79.38477631085021
random,random 200x200,random,200,0.3,4,,79.38477631085021,JPS,585,2507,10.72844897498726,79.38477631085021
random,random 200x200,random,200,0.3,5,,195.39696961967013,A*,3436,3436,37.800744987180224,195.39696961967013
random,random 200x200,random,200,0.3,5,,195.39696961967013,JPS,1479,6689,32.5273839825968,195.39696961967005
random,random 200x200,random,200,0.3,6,,49.14213562373094,A*,201,201,2.1463889934238978,49.14213562373094
random,random 200x200,random,200,0.3,6,,49.14213562373094,JPS,96,376,1.8183989941462642,49.142135623730944
random,random 200x200,random,200,0.3,7,,107.87005768508877,A*,1262,1262,14.148119025776396,107.87005768508877
random,random 200x200,random,200,0.3,7,,107.87005768508877,JPS,568,2581,13.266302001284203,107.87005768508878
random,random 200x200,random,200,0.3,8,,128.8406204335659,A*,2913,2913,36.80770795654098,128.8406204335659
random,random 200x200,random,200,0.3,8,,128.8406204335659,JPS,1312,5376,24.71973498359148,128.8406204335659
random,random 200x200,random,200,0.3,9,,45.970562748477136,A*,213,213,1.8890930004999973,45.970562748477136
random,random 200x200,random,200,0.3,9,,45.970562748477136,JPS,83,389,1.5928689954307629,45.970562748477136
random,random 200x200,random,200,0.3,10,,229.61017305526659,A*,8461,8461,82.85542697012716,229.61017305526659
random,random 200x200,random,200,0.3,10,,229.61017305526659,JPS,3714,16187,63.16630100263865,229.61017305526659
random,random 200x200,random,200,0.3,11,,95.04163056034258,A*,1572,1572,13.66564000454673,95.04163056034258
random,random 200x200,random,200,0.3,11,,95.04163056034258,JPS,663,2935,11.549673985427944,95.0416305603426
random,random 200x200,random,200,0.3,12,,87.38477631085021,A*,674,674,6.711029000143753,87.38477631085021
random,random 200x200,random,200,0.3,12,,87.38477631085021,JPS,273,1286,5.1163739917683415,87.38477631085021
random,random 200x200,random,200,0.3,13,,48.38477631085022,A*,222,222,1.9295470156066585,48.38477631085022
random,random 200x200,random,200,0.3,13,,48.38477631085022,JPS,83,400,1.50667399429949,48.38477631085022
random,random 200x200,random,200,0.3,14,,128.4264068711928,A*,1877,1877,19.408343967370456,128.4264068711928
random,random 200x200,random,200,0.3,14,,128.4264068711928,JPS,740,3644,14.549495972460136,128.4264068711928
random,random 200x200,random,200,0.3,15,,85.45584412271567,A*,1013,1013,9.485738975854474,85.45584412271567
random,random 200x200,random,200,0.3,15,,85.45584412271567,JPS,441,1964,8.444544015219435,85.45584412271567
random,random 200x200,random,200,0.3,16,,99.11269837220806,A*,930,930,8.777786993960035,99.11269837220806
random,random 200x200,random,200,0.3,16,,99.11269837220806,JPS,391,1882,6.938922004337655,99.11269837220806
random,random 200x200,random,200,0.3,17,,135.18376618407353,A*,1947,1947,17.637068942349288,135.18376618407353
random,random 200x200,random,200,0.3,17,,135.18376618407353,JPS,828,3619,13.79079399521288,135.18376618407353
random,random 200x200,random,200,0.3,18,,165.81118318204312,A*,3884,3884,35.64444804942468,165.81118318204312
random,random 200x200,random,200,0.3,18,,165.81118318204312,JPS,1730,7868,32.68345005562878,165.81118318204315
random,random 200x200,random,200,0.3,19,,173.01219330881986,A*,3213,3213,33.34021500450035,173.01219330881986
random,random 200x200,random,200,0.3,19,,173.01219330881986,JPS,1474,6812,27.93222296895692,173.01219330881983
random,random 200x200,random,200,0.3,20,,188.46803743153555,A*,6208,6208,59.55591908241331,188.46803743153555
random,random 200x200,random,200,0.3,20,,188.46803743153555,JPS,2683,12194,50.26040898701467,188.46803743153555
random,random 200x200,random,200,0.3,21,,193.840620433566,A*,4813,4813,44.204745960087166,193.840620433566
random,random 200x200,random,200,0.3,21,,193.840620433566,JPS,2090,9229,37.47320997536008,193.840620433566
random,random 200x200,random,200,0.3,22,,76.94112549695426,A*,803,803,7.96782701399934,76.94112549695426
random,random 200x200,random,200,0.3,22,,76.94112549695426,JPS,358,1671,6.60172599782527,76.94112549695424
random,random 200x200,random,200,0.3,23,,253.23759005323623,A*,11397,11397,114.33399710222147,253.23759005323623
random,random 200x200,random,200,0.3,23,,253.23759005323623,JPS,4915,22098,90.93343298809486,253.23759005323606
random,random 200x200,random,200,0.3,24,,135.4264068711928,A*,1760,1760,16.591071042057592,135.4264068711928
random,random 200x200,random,200,0.3,24,,135.4264068711928,JPS,729,3481,14.053436985705048,135.4264068711928
random,random 200x200,random,200,0.3,25,,173.01219330881977,A*,3246,3246,31.48185996360553,173.01219330881977
random,random 200x200,random,200,0.3,25,,173.01219330881977,JPS,1444,6391,26.595113000439596,173.01219330881977
random,random 200x200,random,200,0.3,26,,86.69848480983497,A*,987,987,9.226872030922095,86.69848480983497
random,random 200x200,random,200,0.3,26,,86.69848480983497,JPS,398,1925,7.266575003086473,86.69848480983498
random,random 200x200,random,200,0.3,27,,175.91168824543144,A*,5166,5166,50.572379055665806,175.91168824543144
random,random 200x200,random,200,0.3,27,,175.91168824543144,JPS,2317,10662,43.78931702012778,175.9116882454314
random,random 200x200,random,200,0.3,28,,164.98275605729685,A*,3471,3471,34.60563602857292,164.98275605729685
random,random 200x200,random,200,0.3,28,,164.98275605729685,JPS,1472,6666,27.735665014915867,164.98275605729688
random,random 200x200,random,200,0.3,29,,247.75230867899762,A*,8567,8567,82.35728385989205,247.75230867899762
random,random 200x200,random,200,0.3,29,,247.75230867899762,JPS,3798,17270,74.69090294398484,247.75230867899757
random,random 200x200,random,200,0.4,0,,249.6690475583123,A*,5977,5977,59.56076997972559,249.6690475583123
random,random 200x200,random,200,0.4,0,,249.6690475583123,JPS,2340,8050,39.429603955795756,249.6690475583123
random,random 200x200,random,200,0.4,1,,34.48528137423857,A*,193,193,1.6623069950583158,34.48528137423857
random,random 200x200,random,200,0.4,1,,34.48528137423857,JPS,86,285,1.3621460075228242,34.485281374238575
random,random 200x200,random,200,0.4,2,,216.76955262170054,A*,5473,5473,54.90821593957662,216.76955262170054
random,random 200x200,random,200,0.4,2,,216.76955262170054,JPS,2190,7572,39.556832958624,216.76955262170054
random,random 200x200,random,200,0.4,3,,137.11269837220806,A*,1658,1658,16.440306078948197,137.11269837220806
random,random 200x200,random,200,0.4,3,,137.11269837220806,JPS,654,2283,12.44155098538613,137.1126983722081
random,random 200x200,random,200,0.4,4,,276.5979797464468,A*,4427,4427,37.14593196673377,276.5979797464468
random,random 200x200,random,200,0.4,4,,276.5979797464468,JPS,1803,6003,25.685521974082803,276.59797974644675
random,random 200x200,random,200,0.4,5,,278.7401153701779,A*,5869,5869,51.372472968068905,278.7401153701779
random,random 200x200,random,200,0.4,5,,278.7401153701779,JPS,2327,8104,38.67456097759714,278.7401153701778
random,random 200x200,random,200,0.4,6,,45.48528137423857,A*,309,309,2.5077670070459135,45.48528137423857
random,random 200x200,random,200,0.4,6,,45.48528137423857,JPS,136,457,2.0087210123165278,45.48528137423857
random,random 200x200,random,200,0.4,7,,251.66904755831231,A*,4189,4189,35.39288800857321,251.66904755831231
random,random 200x200,random,200,0.4,7,,251.66904755831231,JPS,1665,5653,23.519589974966948,251.66904755831223
random,random 200x200,random,200,0.4,8,,39.31370849898476,A*,85,85,0.7690070033277152,39.31370849898476
random,random 200x200,random,200,0.4,8,,39.31370849898476,JPS,44,150,0.6740759981767042,39.31370849898476
random,random 200x200,random,200,0.4,9,,251.25483399593918,A*,3692,3692,28.512941014923854,251.25483399593918
random,random 200x200,random,200,0.4,9,,251.25483399593918,JPS,1436,5072,21.130900002390263,251.25483399593912
random,random 200x200,random,200,0.4,10,,294.1959594928937,A*,5695,5695,47.64162794708682,294.1959594928937
random,random 200x200,random,200,0.4,10,,294.1959594928937,JPS,2297,7880,34.80187404238677,294.1959594928935
random,random 200x200,random,200,0.4,11,,361.53910524340125,A*,6074,6074,53.08260598576453,361.53910524340125
random,random 200x200,random,200,0.4,11,,361.53910524340125,JPS,2487,8379,47.946131988283014,361.53910524340125
random,random 200x200,random,200,0.4,12,,33.071067811865476,A*,145,145,1.375990008455119,33.071067811865476
random,random 200x200,random,200,0.4,12,,33.071067811865476,JPS,69,206,1.1792419954872457,33.071067811865476
random,random 200x200,random,200,0.4,13,,222.01219330881986,A*,4994,4994,49.924607019420364,222.01219330881986
random,random 200x200,random,200,0.4,13,,222.01219330881986,JPS,1967,7024,38.316633994327276,222.0121933088198
random,random 200x200,random,200,0.4,14,,480.580735803744,A*,8141,8141,65.75950204569381,480.580735803744
random,random 200x200,random,200,0.4,14,,480.580735803744,JPS,3213,10888,47.13670304045081,480.5807358037439
random,random 200x200,random,200,0.4,15,,357.1248916810281,A*,8972,8972,84.91319805398234,357.1248916810281
random,random 200x200,random,200,0.4,15,,357.1248916810281,JPS,3565,12243,62.215762027335586,357.1248916810281
random,random 200x200,random,200,0.4,16,,260.7401153701779,A*,3891,3891,32.45573499407328,260.7401153701779
random,random 200x200,random,200,0.4,16,,260.7401153701779,JPS,1490,5322,22.99099001538707,260.7401153701778
random,random 200x200,random,200,0.4,17,,248.15432893255092,A*,4163,4163,32.78240810686839,248.15432893255092
random,random 200x200,random,200,0.4,17,,248.15432893255092,JPS,1682,5635,23.738705005598604,248.1543289325509
random,random 200x200,random,200,0.4,18,,190.94112549695436,A*,2142,2142,16.82993394206278,190.94112549695436
random,random 200x200,random,200,0.4,18,,190.94112549695436,JPS,867,3039,13.135329991200706,190.94112549695436
random,random 200x200,random,200,0.4,19,,87.7989898732233,A*,771,771,6.10315097583225,87.7989898732233
random,random 200x200,random,200,0.4,19,,87.7989898732233,JPS,314,1069,4.823250004847068,87.7989898732233
random,random 200x200,random,200,0.4,20,,248.6690475583123,A*,4213,4213,34.72994592993928,248.6690475583123
random,random 200x200,random,200,0.4,20,,248.6690475583123,JPS,1665,5677,24.562904000049457,248.66904755831226
random,random 200x200,random,200,0.4,21,,76.97056274847712,A*,389,389,3.081036013099947,76.97056274847712
random,random 200x200,random,200,0.4,21,,76.97056274847712,JPS,164,635,2.8021679991070414,76.97056274847712
random,random 200x200,random,200,0.4,22,,101.45584412271566,A*,1156,1156,9.27271697037213,101.45584412271566
random,random 200x200,random,200,0.4,22,,101.45584412271566,JPS,487,1659,6.958563022635644,101.45584412271569
random,random 200x200,random,200,0.4,23,,71.89949493661165,A*,927,927,7.422509992466075,71.89949493661165
random,random 200x200,random,200,0.4,23,,71.89949493661165,JPS,407,1398,6.309182997938478,71.89949493661165
random,random 200x200,random,200,0.4,24,,251.91168824543158,A*,3423,3423,30.547966991434805,251.91168824543158
random,random 200x200,random,200,0.4,24,,251.91168824543158,JPS,1392,4706,21.87995702479384,251.91168824543152
random,random 200x200,random,200,0.4,25,,259.59797974644687,A*,3620,3620,29.76724506697792,259.59797974644687
random,random 200x200,random,200,0.4,25,,259.59797974644687,JPS,1440,4929,20.22602001852647,259.59797974644675
random,random 200x200,random,200,0.4,26,,311.9533188057743,A*,9309,9309,84.07874899785384,311.9533188057743
random,random 200x200,random,200,0.4,26,,311.9533188057743,JPS,3643,12754,55.0506570507423,311.9533188057742
random,random 200x200,random,200,0.4,27,,201.35533905932743,A*,2675,2675,21.67301394365495,201.35533905932743
random,random 200x200,random,200,0.4,27,,201.35533905932743,JPS,1076,3764,15.47243202367099,201.35533905932743
random,random 200x200,random,200,0.4,28,,151.69848480983498,A*,2397,2397,18.779053947582725,151.69848480983498
random,random 200x200,random,200,0.4,28,,151.69848480983498,JPS,992,3484,15.940308005156112,151.69848480983498
random,random 200x200,random,200,0.4,29,,577.9655121145945,A*,12175,12175,100.71436590442318,577.9655121145945
random,random 200x200,random,200,0.4,29,,577.9655121145945,JPS,4827,16555,76.60358996145078,577.9655121145944
